图书	NOUNnmodNOUN	馆学	0
馆学	NOUNnsubjVERB	提出	0
0	ABOUT	馆学	0
和	CCONJccNOUN	教育	0
情报	NOUNcompoundPART	学	0
学	PARTnmodNOUN	教育	0
教育	NOUNconjNOUN	馆学	0
在	VERBadvclVERB	提出	0
中国	PROPNnmodNOUN	趋势	0
的	PARTcase:decPROPN	中国	0
发展	NOUNnmodNOUN	趋势	0
趋势	NOUNobjVERB	在	0
0	ABOUT	趋势	0
王	PROPNapposNOUN	趋势	0
余光	PROPNflat:namePROPN	王	0
北京	PROPNnmodNOUN	管理	0
大学	NOUNnmodNOUN	管理	0
信息	NOUNnmodNOUN	管理	0
管理	NOUNapposNOUN	趋势	0
系 摘	PROPNapposNOUN	管理	0
要	AUXauxVERB	概述	0
:	ADVadvmodVERB	概述	0
概述	VERBadvclVERB	提出	0
了	PARTcase:aspectVERB	概述	0
中国	PROPNnmodNOUN	教育	0
当代	NOUNnmodNOUN	教育	0
图书	NOUNnmodNOUN	教育	0
情报	NOUNcompoundPART	学	0
学	PARTnmodNOUN	教育	0
教育	NOUNnmodNOUN	情况	0
的	PARTcase:decNOUN	教育	0
一般	ADJamodNOUN	情况	0
情况	NOUNobjVERB	概述	0
0	ABOUT	情况	0
、	PUNCTpunctNOUN	课程	0
主要	ADJamodNOUN	课程	0
课程	NOUNconjNOUN	情况	0
及	CCONJccNOUN	问题	0
主要	ADVadvmodNOUN	研究	0
研究	NOUNnmodNOUN	方向	0
方向	NOUNconjNOUN	课程	0
及	CCONJccNOUN	存在	0
其	PRONnmodNOUN	存在	0
存在	NOUNconjNOUN	方向	0
的	PARTmark:relclNOUN	方向	0
问题	NOUNconjNOUN	情况	0
，	PUNCTpunctVERB	提出	0
并	ADVmarkVERB	提出	0
对	ADPcaseNOUN	方向	0
中国	PROPNnmodNOUN	教育	0
图书	NOUNnmodNOUN	教育	0
情报	NOUNcompoundPART	学	0
学	PARTnmodNOUN	教育	0
教育	NOUNnmodNOUN	方向	0
的	PARTcase:decNOUN	教育	0
发展	NOUNnmodNOUN	方向	0
方向	NOUNoblVERB	提出	0
0	ABOUT	方向	0
提出	VERB_PREDICATE_OF	0	0
了	PARTcase:aspectVERB	提出	0
几	NUMnummodNOUN	点	0
点	NOUNclfNOUN	看法	0
看法	NOUNobjVERB	提出	0
0	ABOUT	看法	0
。	PUNCTpunctVERB	提出	0
1	NUMnummodNOUN	引言	1
引言	NOUNnmodNOUN	历史	1
中	ADPaclNOUN	引言	1
国	PROPNnmodPART	书	1
藏	PROPNcompoundPART	书	1
书	PARTnmodNOUN	历史	1
的	PARTcase:decPART	书	1
历史	NOUNnsubjVERB	有	1
1	ABOUT	历史	1
至少	ADVadvmodVERB	有	1
已	ADVadvmodVERB	有	1
有	VERB_PREDICATE_OF	1	1
3500	NUMnummodNOUN	年	1
年	NOUNobjVERB	有	1
1	ABOUT	年	1
了	PARTdiscourseVERB	有	1
，	PUNCTpunctVERB	有	1
后人	NOUNnsubjVERB	发现	1
1	ABOUT	后人	1
发现	VERBacl:relclNOUN	文献	1
的	PARTmark:relclVERB	发现	1
甲骨	NOUNnmodNOUN	文献	1
文献	NOUNnsubjVERB	是	1
1	ABOUT	文献	1
在	ADPcaseNOUN	商代	1
商代	NOUNoblVERB	是	1
1	ABOUT	商代	1
是	VERBparataxisVERB	有	1
被	VERBaux:passVERB	收藏	1
有	VERBadvclVERB	收藏	1
意识	NOUNobjVERB	有	1
1	ABOUT	意识	1
地	PARTmark:advbVERB	有	1
收藏	VERBxcompVERB	是	1
的	PARTdiscourseVERB	是	1
。	PUNCTpunctVERB	有	1
文献	NOUNnmodNOUN	典 籍	2
典 籍	NOUNnmodNOUN	收藏	2
的	PARTcase:decNOUN	典 籍	2
收藏	NOUNnsubjNOUN	事情	2
2	ABOUT	收藏	2
、	PUNCTpunctNOUN	整理	2
整理	NOUNconjNOUN	收藏	2
、	PUNCTpunctVERB	利用	2
利用	VERBconjNOUN	收藏	2
，	PUNCTpunctNOUN	事情	2
对	ADPcaseNOUN	王朝	2
中国	PROPNnmodNOUN	王朝	2
历代	NOUNnmodNOUN	王朝	2
王朝	NOUNoblVERB	说	2
2	ABOUT	王朝	2
与	CCONJccNOUN	学者	2
学者	NOUNconjNOUN	王朝	2
来	ADVmarkVERB	说	2
说	VERBaclNOUN	事情	2
，	PUNCTpunctNOUN	事情	2
都是	AUXcopNOUN	事情	2
一	NUMnummodNOUN	件	2
件	NOUNclfNOUN	事情	2
神圣	ADJamodNOUN	事情	2
与	CCONJccADJ	重要	2
重要	ADJconjADJ	神圣	2
的	PARTmark:relclADJ	神圣	2
事情	NOUN_PREDICATE_OF	2	2
。	PUNCTpunctNOUN	事情	2
中国	PROPNnmodNOUN	著作	3
第一	NUMnummodNOUN	本	3
本	NOUNclfNOUN	著作	3
图书	NOUNnmodNOUN	著作	3
馆学	NOUNnmodNOUN	著作	3
著作	NOUNnsubjVERB	是	3
3	ABOUT	著作	3
《	PUNCTpunctNOUN	别录	3
别录	NOUNapposNOUN	著作	3
》	PUNCTpunctNOUN	别录	3
是	VERB_PREDICATE_OF	3	3
由	VERBxcompVERB	是	3
汉	PROPNcompoundPART	代	3
代	PARTnmodPROPN	刘	3
刘	PROPNnsubjVERB	撰	3
向	PROPNflat:namePROPN	刘	3
(前	NOUNapposPROPN	刘	3
77	NUMnummodNOUN	-前	3
-前	NOUNnsubjVERB	撰	3
3	ABOUT	-前	3
6)	NUMnsubjVERB	撰	3
所	ADVmarkVERB	撰	3
撰	VERBccompVERB	由	3
，	PUNCTpunctVERB	是	3
距今	NOUNnsubjVERB	有	3
3	ABOUT	距今	3
亦	ADVmarkVERB	有	3
有	VERBparataxisVERB	是	3
两千余	NUMnummodNOUN	年	3
年	NOUNobjVERB	有	3
3	ABOUT	年	3
了	PARTdiscourseVERB	有	3
。	PUNCTpunctVERB	是	3
这	DETdetNOUN	本	4
本	NOUNclfNOUN	书	4
书	NOUNnsubjVERB	看出	4
4	ABOUT	书	4
虽	ADPcaseVERB	有	4
只	ADVadvmodVERB	有	4
有	VERBxcompVERB	看出	4
少量	NUMnummodNOUN	篇	4
篇	NOUNclfNOUN	章	4
章	NOUNnsubjVERB	存世	4
4	ABOUT	章	4
存世	VERBccompVERB	有	4
，	PUNCTpunctVERB	看出	4
但	ADVmarkVERB	看出	4
我	PRONnsubjVERB	看出	4
仍能	ADVadvmodVERB	看出	4
看出	VERB_PREDICATE_OF	4	4
，	PUNCTpunctVERB	看出	4
作者	NOUNnsubjVERB	取得	4
4	ABOUT	作者	4
对	ADPcaseNOUN	藏书	4
当时	NOUNnmodNOUN	藏书	4
的	PARTcase:decNOUN	当时	4
国家	NOUNnmodNOUN	藏书	4
藏书	NOUNnsubjVERB	作	4
4	ABOUT	藏书	4
所	ADVmarkVERB	作	4
作	VERBacl:relclNOUN	研究	4
的	PARTmark:relclVERB	作	4
研究	NOUNnsubjVERB	取得	4
4	ABOUT	研究	4
，	PUNCTpunctVERB	取得	4
并	ADVmarkVERB	取得	4
取得	VERBccompVERB	看出	4
很高	ADJamodNOUN	成就	4
的	PARTmark:relclADJ	很高	4
成就	NOUNobjVERB	取得	4
4	ABOUT	成就	4
。	PUNCTpunctVERB	看出	4
至	ADPcasePRON	此	5
此	PRONoblVERB	形成	5
之后	ADPaclPRON	此	5
，	PUNCTpunctVERB	形成	5
中国	PROPNnmodPART	馆	5
历代	NOUNnmodPART	馆	5
图书	NOUNcompoundPART	馆	5
馆	PARTnsubjVERB	形成	5
学著	VERBadvclVERB	形成	5
作(	PROPNnmodNOUN	录学	5
含目	NOUNnmodNOUN	录学	5
录学	NOUNobjVERB	学著	5
5	ABOUT	录学	5
与	CCONJccNOUN	学)	5
文献	NOUNnmodNOUN	学)	5
学)	NOUNconjNOUN	录学	5
都	ADVmarkVERB	有	5
有	VERBadvclVERB	形成	5
撰述	NOUNobjVERB	有	5
5	ABOUT	撰述	5
，	PUNCTpunctVERB	形成	5
并	ADVmarkVERB	形成	5
形成	VERB_PREDICATE_OF	5	5
了	PARTcase:aspectVERB	形成	5
独具	ADJamodNOUN	特色	5
特色	NOUNobjVERB	形成	5
5	ABOUT	特色	5
的	PARTmark:relclVERB	形成	5
藏书	NOUNnmodNOUN	传统	5
传统	NOUNobjVERB	形成	5
5	ABOUT	传统	5
与	CCONJccNOUN	传统	5
研究	NOUNnmodNOUN	传统	5
传统	NOUNconjNOUN	传统	5
。	PUNCTpunctVERB	形成	5
20	NUMnummodNOUN	世纪	6
世纪	NOUNnmodNOUN	年	6
前	ADPaclNOUN	世纪	6
50	NUMnummodNOUN	年	6
年	NOUNnmod:tmodNOUN	时期	6
，	PUNCTpunctNOUN	时期	6
是	AUXcopNOUN	时期	6
中国	PROPNnmodNOUN	教育	6
教育	NOUNnsubjVERB	学习	6
6	ABOUT	教育	6
向	ADPcasePROPN	西方	6
西方	PROPNoblVERB	学习	6
学习	VERBacl:relclNOUN	时期	6
的	PARTmark:relclVERB	学习	6
时期	NOUN_PREDICATE_OF	6	6
，	PUNCTpunctVERB	开始	6
在	ADPcaseNOUN	背景	6
这样	PRONdetNOUN	背景	6
的	PARTcase:decPRON	这样	6
背景	NOUNoblVERB	开始	6
6	ABOUT	背景	6
下	ADPaclNOUN	背景	6
，	PUNCTpunctVERB	开始	6
中国	PROPNnmodNOUN	现代	6
现代	NOUNnmodNOUN	教 育	6
的	PARTcase:decNOUN	现代	6
图书	NOUNnmodNOUN	教 育	6
馆学	NOUNnmodNOUN	教 育	6
教 育	NOUNnsubjVERB	开始	6
6	ABOUT	教 育	6
开始	VERBparataxisNOUN	时期	6
形成	VERBxcompVERB	开始	6
。	PUNCTpunctVERB	开始	6
20	NUMnummodNOUN	世纪	7
世纪	NOUNnmodNOUN	时间	7
初	ADPaclNOUN	世纪	7
的	PARTcase:decNOUN	世纪	7
一	NUMnummodNOUN	段	7
段	NOUNclfNOUN	时间	7
时间	NOUNnmod:tmodVERB	开设	7
里	ADPaclNOUN	时间	7
，	PUNCTpunctVERB	开设	7
一些	ADJamodNOUN	大学	7
大学	NOUNnsubjVERB	开设	7
7	ABOUT	大学	7
已	ADVadvmodVERB	开设	7
开设	VERB_PREDICATE_OF	7	7
了	PARTcase:aspectVERB	开设	7
一些	ADJamodNOUN	课程	7
图书	NOUNnmodNOUN	课程	7
馆学	NOUNnmodNOUN	课程	7
课程	NOUNobjVERB	开设	7
7	ABOUT	课程	7
，	PUNCTpunctVERB	开设	7
如	VERBparataxisVERB	开设	7
金陵	PROPNnmodNOUN	大学	7
大学	NOUNnsubjVERB	有	7
7	ABOUT	大学	7
在	ADPcaseNOUN	年	7
1913	NUMnummodNOUN	年	7
年	NOUNoblVERB	有	7
7	ABOUT	年	7
就	ADVmarkVERB	有	7
有	VERBacl:relclNOUN	课程	7
介绍	VERBacl:relclNOUN	课程	7
西方	PROPNnmodNOUN	知识	7
图书	NOUNnmodNOUN	知识	7
馆学	NOUNnmodNOUN	知识	7
知识	NOUNobjVERB	介绍	7
7	ABOUT	知识	7
的	PARTmark:relclVERB	介绍	7
课程	NOUNobjVERB	如	7
7	ABOUT	课程	7
。	PUNCTpunctVERB	开设	7
到	ADPcaseNOUN	年	8
1920	NUMnummodNOUN	年	8
年	NOUNoblVERB	创办	8
8	ABOUT	年	8
，	PUNCTpunctVERB	创办	8
美国	PROPNnmodNOUN	学者	8
学者	NOUNnsubjVERB	创办	8
8	ABOUT	学者	8
韦	PROPNapposNOUN	学者	8
棣华	PROPNflat:namePROPN	韦	8
(	PUNCTpunctX	Miss	8
Miss	XapposPROPN	韦	8
Mary	Xflat:foreignX	Miss	8
Elizabeth	Xflat:foreignX	Miss	8
Wood,1861-1931)	XnmodNOUN	女士	8
女士	NOUNapposPROPN	韦	8
与	CCONJccNOUN	生(	8
中国	PROPNnmodNOUN	生(	8
沈祖	PROPNnmodNOUN	生(	8
荣先	PROPNnmodNOUN	生(	8
生(	NOUNconjNOUN	女士	8
1884	NUMnummodNUM	-1977	8
-1977	NUMapposNOUN	生(	8
)	PUNCTpunctNUM	-1977	8
仿照	VERBadvclVERB	创办	8
美国	PROPNnmodNOUN	教育	8
图书	NOUNnmodNOUN	教育	8
馆学	NOUNnmodNOUN	教育	8
教育	NOUNnmodNOUN	模式	8
的	PARTcase:decNOUN	教育	8
模式	NOUNobjVERB	仿照	8
8	ABOUT	模式	8
，	PUNCTpunctVERB	创办	8
在	VERBadvclVERB	创办	8
武汉	PROPNobjVERB	在	8
创办	VERB_PREDICATE_OF	8	8
了	PARTcase:aspectVERB	创办	8
我国	NOUNnmodNOUN	学校	8
第一	NUMnummodNOUN	所	8
所	NOUNclfNOUN	学校	8
图书	NOUNcompoundPART	馆	8
馆	PARTnmodNOUN	学校	8
学校	NOUNobjVERB	创办	8
8	ABOUT	学校	8
，	PUNCTpunctNOUN	学校	8
武昌	PROPNnmodNOUN	学校	8
文华	PROPNnmodNOUN	学校	8
图书	NOUNnmodNOUN	学校	8
馆学	NOUNnmodNOUN	学校	8
专科	NOUNnmodNOUN	学校	8
学校	NOUNconjNOUN	学校	8
。	PUNCTpunctVERB	创办	8
在	ADPcaseNOUN	年	9
此后	NOUNnmodNOUN	年	9
的	PARTcase:decNOUN	此后	9
60	NUMnummodNOUN	年	9
年	NOUNoblVERB	就是	9
9	ABOUT	年	9
间	ADPaclNOUN	年	9
，	PUNCTpunctVERB	就是	9
由于	ADPcaseNOUN	战乱	9
战乱	NOUNoblVERB	没有	9
9	ABOUT	战乱	9
等	NOUNaclNOUN	战乱	9
原因	NOUNapposNOUN	战乱	9
，	PUNCTpunctVERB	就是	9
图书	NOUNnmodNOUN	教育	9
馆学	NOUNnmodNOUN	教育	9
教育	NOUNnsubjVERB	就是	9
9	ABOUT	教育	9
没有	VERBadvclVERB	就是	9
太大	ADJamodNOUN	发展	9
的	PARTmark:relclADJ	太大	9
发展	NOUNobjVERB	没有	9
9	ABOUT	发展	9
，	PUNCTpunctVERB	就是	9
基本	NOUNadvmodVERB	就是	9
上	ADPaclNOUN	基本	9
就是	VERB_PREDICATE_OF	9	9
由	VERBxcompVERB	就是	9
两	NUMnummodNOUN	家	9
家	NOUNclfNOUN	机构	9
教育	NOUNnmodNOUN	机构	9
机构	NOUNnsubjVERB	支撑	9
9	ABOUT	机构	9
支撑	VERBccompVERB	由	9
着	PARTcase:aspectVERB	支撑	9
全国	NOUNnmodNOUN	教育	9
图书	NOUNcompoundPART	馆	9
馆	PARTnmodNOUN	教育	9
教育	NOUNnmodNOUN	局面	9
的	PARTcase:decNOUN	教育	9
局面	NOUNobjVERB	支撑	9
9	ABOUT	局面	9
，	PUNCTpunctVERB	就是	9
他	PRONnsubjNOUN	学系	9
是	AUXcopNOUN	学系	9
北京	PROPNnmodNOUN	学系	9
大学	NOUNnmodNOUN	学系	9
图书	NOUNcompoundPART	馆	9
馆	PARTnmodNOUN	学系	9
学系	NOUNparataxisVERB	就是	9
与	CCONJccNOUN	学系	9
武汉	PROPNnmodNOUN	学系	9
大学	NOUNnmodNOUN	学系	9
图书	NOUNcompoundPART	馆	9
馆	PARTnmodNOUN	学系	9
学系	NOUNconjNOUN	学系	9
。	PUNCTpunctVERB	就是	9
自上	DETdetNOUN	个	10
个	NOUNclfNOUN	年代	10
世纪	NOUNnmodNOUN	年代	10
80	NUMnummodNOUN	年代	10
年代	NOUNnmodNOUN	年	10
以来	ADPaclNOUN	年代	10
的	PARTcase:decNOUN	年代	10
20余	NUMnummodNOUN	年	10
年	NOUNnmod:tmodVERB	得到	10
间	ADPaclNOUN	年	10
，	PUNCTpunctVERB	得到	10
中国	PROPNnmodNOUN	教育	10
的	PARTcase:decPROPN	中国	10
图 书	NOUNnmodNOUN	教育	10
馆学	NOUNnmodNOUN	教育	10
教育	NOUNnsubjVERB	得到	10
10	ABOUT	教育	10
得到	VERB_PREDICATE_OF	10	10
了	PARTcase:aspectVERB	得到	10
较快	ADJamodNOUN	发展	10
的	PARTmark:relclADJ	较快	10
发展	NOUNobjVERB	得到	10
10	ABOUT	发展	10
。	PUNCTpunctVERB	得到	10
本文	NOUNnsubjVERB	介绍	11
11	ABOUT	本文	11
主要	ADVadvmodVERB	介绍	11
介绍	VERB_PREDICATE_OF	11	11
中国	PROPNnmodNOUN	教育	11
图书	NOUNcompoundPART	馆	11
馆	PARTnmodNOUN	教育	11
学情	NOUNnmodNOUN	教育	11
报学	NOUNnmodNOUN	教育	11
教育	NOUNnmodNOUN	现状	11
的	PARTcase:decNOUN	教育	11
现状	NOUNobjVERB	介绍	11
11	ABOUT	现状	11
，	PUNCTpunctNOUN	课程	11
课程	NOUNnmodNOUN	方向	11
与	CCONJccNOUN	研究	11
研究	NOUNconjNOUN	课程	11
方向	NOUNconjNOUN	现状	11
，	PUNCTpunctVERB	指出	11
指出	VERBparataxisVERB	介绍	11
其中	NOUNadvmodVERB	存在	11
存在	VERBacl:relclNOUN	问题	11
的	PARTmark:relclVERB	存在	11
问题	NOUNobjVERB	指出	11
11	ABOUT	问题	11
，	PUNCTpunctNOUN	趋势	11
以及	CCONJccNOUN	趋势	11
今后	NOUNnmodNOUN	趋势	11
的	PARTcase:decNOUN	今后	11
发展	NOUNnmodNOUN	趋势	11
趋势	NOUNconjNOUN	问题	11
。	PUNCTpunctVERB	介绍	11
2	NUMnummodNOUN	教育	12
中国	PROPNnmodNOUN	教育	12
图书	NOUNcompoundPART	馆	12
馆	PARTnmodNOUN	教育	12
学情	NOUNnmodNOUN	教育	12
报学	NOUNnmodNOUN	教育	12
教育	NOUNnmodNOUN	现状	12
的	PARTcase:decNOUN	教育	12
现状	NOUNnsubjVERB	有	12
12	ABOUT	现状	12
目前	NOUNnmod:tmodVERB	有	12
，	PUNCTpunctVERB	有	12
中国	PROPNnmodNOUN	教育	12
大陆	NOUNnmodNOUN	教育	12
图书	NOUNcompoundPART	馆	12
馆	PARTnmodNOUN	教育	12
情报	NOUNnmodNOUN	教育	12
学本	NOUNcompoundPART	科	12
科	PARTnmodNOUN	教育	12
教育	NOUNnmodNOUN	院校	12
的	PARTcase:decNOUN	教育	12
院校	NOUNnsubjVERB	有	12
12	ABOUT	院校	12
有	VERB_PREDICATE_OF	12	12
41	NUMnummodNOUN	所	12
所	NOUNobjVERB	有	12
12	ABOUT	所	12
，	PUNCTpunctVERB	有	12
其中	NOUNnmodPART	学	12
图书	NOUNcompoundPART	馆	12
馆	PARTcompoundPART	学	12
学	PARTnsubjVERB	有	12
有	VERBparataxisVERB	有	12
博士	NOUNnmodPART	点	12
授权	VERBcompoundPART	点	12
点	PARTobjVERB	有	12
6	NUMnummodNOUN	个	12
个	NOUNaclPART	点	12
，	PUNCTpunctVERB	有	12
情报	NOUNcompoundPART	学	12
学	PARTnsubjVERB	有	12
有	VERBparataxisVERB	有	12
博士	NOUNcompoundPART	点	12
点	PARTobjVERB	有	12
6	NUMnummodNOUN	个	12
个	NOUNaclPART	点	12
，	PUNCTpunctPART	学	12
档案	NOUNcompoundPART	学	12
学	PARTconjPART	点	12
1	NUMnummodNOUN	个	12
个	NOUNparataxisVERB	有	12
。	PUNCTpunctVERB	有	12
图书	NOUNnmodPART	点	13
馆学	NOUNnmodPART	点	13
硕士	NOUNnmodPART	点	13
授权	VERBcompoundPART	点	13
点	PART_PREDICATE_OF	13	13
18	NUMnummodNOUN	个	13
个	NOUNdislocatedPART	点	13
，	PUNCTpunctPART	点	13
情报	NOUNcompoundPART	学	13
学	PARTnmodPART	点	13
硕士	NOUNnmodPART	点	13
授权	VERBcompoundPART	点	13
点	PARTconjPART	点	13
28	NUMnummodNOUN	个	13
个	NOUNaclPART	点	13
，	PUNCTpunctPART	点	13
档案	NOUNcompoundPART	学	13
学	PARTnsubjNOUN	个	13
12	NUMnummodNOUN	个	13
个	NOUNparataxisPART	点	13
。	PUNCTpunctPART	点	13
另外	ADVadvmodVERB	有	14
还	ADVmarkVERB	有	14
有	VERB_PREDICATE_OF	14	14
图书	NOUNcompoundPART	馆	14
馆	PARTnmodNOUN	教育	14
情报	NOUNcompoundPART	学	14
学	PARTnmodNOUN	教育	14
函授	NOUNnmodNOUN	教育	14
教育	NOUNobjVERB	有	14
14	ABOUT	教育	14
与	CCONJccNOUN	教育	14
远程	NOUNnmodNOUN	教育	14
教育	NOUNconjNOUN	教育	14
。	PUNCTpunctVERB	有	14
目前	NOUNnmod:tmodVERB	有	15
，	PUNCTpunctVERB	有	15
信息	NOUNnmodNOUN	学科	15
管理	NOUNnmodNOUN	学科	15
学科	NOUNnsubjVERB	涵盖	15
15	ABOUT	学科	15
主要	ADVadvmodVERB	涵盖	15
涵盖	VERBacl:relclNOUN	专业	15
的	PARTmark:relclVERB	涵盖	15
专业	NOUNnsubjVERB	有	15
15	ABOUT	专业	15
有	VERB_PREDICATE_OF	15	15
: 1)	XnmodPART	本	15
图书	NOUNcompoundPART	馆	15
馆	PARTnmodPART	本	15
学(	NOUNcompoundPART	本	15
本	PARTobjVERB	有	15
、	PUNCTpunctPROPN	硕	15
硕	PROPNconjPART	本	15
、	PUNCTpunctNOUN	(硕	15
博) 2)	XnmodNOUN	(硕	15
情报	NOUNcompoundPART	学	15
学	PARTnmodNOUN	(硕	15
(硕	NOUNconjPART	本	15
、	PUNCTpunctNOUN	管理	15
博) 3)	XnmodNOUN	管理	15
信息	NOUNnmodNOUN	管理	15
管理	NOUNconjPART	本	15
与	CCONJccNOUN	系统	15
信息	NOUNnmodNOUN	系统	15
系统	NOUNnmodPART	学	15
(本	NOUNnmodPART	学	15
) 4)	XnmodPART	学	15
档案	NOUNcompoundPART	学	15
学	PARTconjPART	本	15
(	PUNCTpunctPART	学	15
本	XapposPART	学	15
、	PUNCTpunctPROPN	硕	15
硕	PROPNconjX	本	15
、	PUNCTpunctX	博) 5)	15
博) 5)	XconjX	本	15
编辑	VERBamodNOUN	(本	15
出版	VERBcompoundPART	学	15
学	PARTnmodNOUN	(本	15
(本	NOUNapposX	本	15
，	PUNCTpunctVERB	有	15
硕	NOUNcompoundPART	点	15
、	PUNCTpunctPART	点	15
博士	NOUNcompoundPART	点	15
点	PARTnsubjVERB	自设	15
为	ADPcaseVERB	自设	15
自设	VERBxcompVERB	认为	15
)	PUNCTpunctVERB	自设	15
在	ADPcaseNOUN	学科	15
中国	PROPNnmodNOUN	学科	15
信息	NOUNnmodNOUN	学科	15
管理	NOUNnmodNOUN	学科	15
学科	NOUNoblVERB	自设	15
15	ABOUT	学科	15
中	ADPaclNOUN	学科	15
，	PUNCTpunctVERB	认为	15
我	PRONnsubjVERB	认为	15
认为	VERBparataxisVERB	有	15
比	ADPcaseVERB	影响	15
较有	ADVadvmodVERB	影响	15
影响	VERBacl:relclPART	系	15
的	PARTmark:relclVERB	影响	15
是	AUXcopPART	系	15
: 1)	SYMnmodPART	系	15
北京	PROPNnmodPART	系	15
大学	NOUNnmodPART	系	15
信息	NOUNnmodPART	系	15
管理	VERBcompoundPART	系	15
系	PARTnmodPART	系	15
北京	PROPNnmodPART	系	15
大学	NOUNnmodPART	系	15
信息	NOUNnmodPART	系	15
管理	VERBcompoundPART	系	15
系	PARTnsubjVERB	创办	15
是	AUXcopNOUN	系科	15
直属	VERBacl:relclNOUN	系科	15
于	VERBmarkVERB	直属	15
学校	NOUNobjVERB	直属	15
15	ABOUT	学校	15
的	PARTmark:relclVERB	直属	15
一	NUMnummodNOUN	个	15
个	NOUNclfNOUN	系科	15
独立	ADJamodNOUN	系科	15
的	PARTmark:relclADJ	独立	15
系科	NOUNadvclVERB	有	15
，	PUNCTpunctVERB	有	15
创办	VERBxcompVERB	认为	15
于	ADPcaseNOUN	年	15
1947	NUMnummodNOUN	年	15
年	NOUNoblVERB	创办	15
15	ABOUT	年	15
，	PUNCTpunctVERB	有	15
目前	NOUNnmod:tmodVERB	有	15
有	VERBadvclVERB	招收	15
专任	NOUNnmodNOUN	教师	15
教师	NOUNnsubjNOUN	人	15
15	ABOUT	教师	15
30	NUMnummodNOUN	人	15
人	NOUNccompVERB	有	15
，	PUNCTpunctVERB	招收	15
其他	DETdetNOUN	人员	15
工作	NOUNnmodNOUN	人员	15
人员	NOUNnsubjNOUN	人	15
15	ABOUT	人员	15
10	NUMnummodNOUN	人	15
人	NOUNparataxisVERB	有	15
，	PUNCTpunctVERB	招收	15
每年	DETnmod:tmodVERB	招收	15
招收	VERBparataxisVERB	有	15
本科	NOUNcompoundPART	生	15
生	PARTnsubjNOUN	人	15
约	ADVadvmodNOUN	人	15
50	NUMnummodNOUN	人	15
人	NOUNccompVERB	招收	15
，	PUNCTpunctVERB	招收	15
硕士	NOUNnmodPART	生	15
研究	VERBcompoundPART	生	15
生	PARTnsubjNOUN	人	15
40	NUMnummodNOUN	人	15
人	NOUNparataxisVERB	招收	15
左右	ADPaclNOUN	人	15
，	PUNCTpunctVERB	研究	15
博士	NOUNnsubjVERB	研究	15
15	ABOUT	博士	15
研究	VERBccompVERB	招收	15
生近	NOUNobjVERB	研究	15
15	ABOUT	生近	15
20	NUMnummodNOUN	人	15
人	NOUNobjVERB	研究	15
15	ABOUT	人	15
以及	CCONJccPART	生	15
若干	NUMnummodPART	生	15
国外	NOUNnmodPART	生	15
留学	VERBcompoundPART	生	15
生	PARTconjNOUN	人	15
。	PUNCTpunctVERB	有	15
有	VERB_PREDICATE_OF	16	16
图书	NOUNcompoundPART	馆	16
馆	PARTcompoundPART	学	16
学	PARTobjVERB	有	16
(	PUNCTpunctNOUN	本	16
本	NOUNconjPART	学	16
、	PUNCTpunctNOUN	硕	16
硕	NOUNconjPART	学	16
、	PUNCTpunctNOUN	博)	16
博)	NOUNconjPART	学	16
，	PUNCTpunctPART	学	16
情报	NOUNnmodPART	硕	16
学(	NOUNcompoundPART	硕	16
硕	PARTconjPART	学	16
、	PUNCTpunctNOUN	博)	16
博)	NOUNconjPART	学	16
，	PUNCTpunctNOUN	管理	16
信息	NOUNnmodNOUN	管理	16
管理	NOUNconjPART	学	16
与	CCONJccNOUN	系统	16
信息	NOUNnmodNOUN	系统	16
系统	NOUNnmodNOUN	(本)	16
(本)	NOUNapposPART	学	16
，	PUNCTpunctVERB	有	16
编辑	VERBamodPART	学	16
出版	VERBcompoundPART	学	16
学	PARTnmodNOUN	(硕	16
(硕	NOUNnmodNOUN	(本)	16
、	PUNCTpunctPART	点	16
博士	NOUNcompoundPART	点	16
点	PARTconjNOUN	(硕	16
为	AUXcopNOUN	自设	16
自设	NOUNccompVERB	编辑	16
)	PUNCTpunctNOUN	专业	16
两	NUMnummodNOUN	个	16
个	NOUNclfNOUN	专业	16
本科	NOUNnmodNOUN	专业	16
专业	NOUNconjNOUN	自设	16
与	CCONJccNOUN	硕	16
三	NUMnummodNOUN	个	16
个	NOUNclfNOUN	硕	16
硕	NOUNconjNOUN	专业	16
、	PUNCTpunctPART	点	16
博士	NOUNcompoundPART	点	16
点	PARTconjNOUN	自设	16
，	PUNCTpunctVERB	有	16
另	DETdetPART	馆	16
图书	NOUNcompoundPART	馆	16
馆	PARTcompoundPART	学	16
学	PARTnsubjVERB	有	16
是	AUXcopNOUN	学科	16
国家	NOUNnmodNOUN	学科	16
重点	NOUNnmodNOUN	学科	16
学科	NOUNadvclVERB	有	16
，	PUNCTpunctVERB	有	16
有	VERBparataxisVERB	有	16
“	PUNCTpunctPART	馆	16
图书	NOUNcompoundPART	馆	16
馆	PARTnmodPART	权	16
、	PUNCTpunctNOUN	情报	16
情报	NOUNconjPART	馆	16
与	CCONJccNOUN	档案	16
档案	NOUNnmodNOUN	管理	16
管理	NOUNconjPART	馆	16
”	PUNCTpunctNOUN	管理	16
一	NUMnummodNOUN	级	16
级	NOUNnmodPART	权	16
学科	NOUNnmodPART	权	16
授予	VERBcompoundPART	权	16
权	PARTobjVERB	有	16
及	CCONJccPART	站	16
博士	NOUNconjPART	权	16
后	ADPaclNOUN	博士	16
流动	VERBcompoundPART	站	16
站	PARTconjPART	权	16
。	PUNCTpunctVERB	有	16
7	NUM_PREDICATE_OF	17	17
2)	NUMnummodNOUN	学院	18
武汉	PROPNnmodNOUN	学院	18
大学	NOUNnmodNOUN	学院	18
信息	NOUNnmodNOUN	学院	18
管理	NOUNnmodNOUN	学院	18
学院	NOUNnsubjVERB	有	18
18	ABOUT	学院	18
有	VERB_PREDICATE_OF	18	18
图书	NOUNcompoundPART	馆	18
馆	PARTnmodPART	本	18
学(	NOUNcompoundPART	本	18
本	PARTobjVERB	有	18
、	PUNCTpunctNOUN	硕	18
硕	NOUNconjPART	本	18
、	PUNCTpunctNOUN	博)	18
博)	NOUNconjPART	本	18
，	PUNCTpunctPART	硕	18
情报	NOUNnmodPART	硕	18
学(	NOUNcompoundPART	硕	18
硕	PARTconjPART	本	18
、	PUNCTpunctNOUN	博)	18
博)	NOUNconjPART	本	18
，	PUNCTpunctNOUN	管理	18
信息	NOUNnmodNOUN	管理	18
管理	NOUNconjPART	本	18
与	CCONJccNOUN	(本)	18
信息	NOUNnmodNOUN	系统	18
系统	NOUNnmodNOUN	(本)	18
(本)	NOUNconjPART	本	18
，	PUNCTpunctVERB	有	18
编辑	VERBamodPART	学	18
出版	VERBcompoundPART	学	18
学	PARTnmodNOUN	(本	18
(本	NOUNconjPART	本	18
，	PUNCTpunctVERB	自设	18
硕	NOUNnsubjVERB	自设	18
18	ABOUT	硕	18
、	PUNCTpunctNOUN	博士	18
博士	NOUNconjNOUN	硕	18
点	PARTnsubjVERB	自设	18
为	AUXcopVERB	自设	18
自设	VERBadvclPART	本	18
)	PUNCTpunctVERB	自设	18
，	PUNCTpunctPART	本	18
档案	NOUNnmodPART	本	18
学(	NOUNcompoundPART	本	18
本	PARTconjPART	本	18
、	PUNCTpunctNOUN	硕	18
硕	NOUNconjPART	本	18
、	PUNCTpunctNOUN	博)	18
博)	NOUNconjPART	本	18
。	PUNCTpunctVERB	有	18
四	NUMnummodNOUN	个	19
个	NOUNclfNOUN	专业	19
本科	NOUNnmodNOUN	专业	19
专业	NOUNnsubjVERB	有	19
19	ABOUT	专业	19
与	ADPcaseNOUN	硕	19
四	NUMnummodNOUN	个	19
个	NOUNclfNOUN	硕	19
硕	NOUNoblVERB	有	19
19	ABOUT	硕	19
、	PUNCTpunctPART	点	19
博士	NOUNcompoundPART	点	19
点	PARTconjNOUN	硕	19
，	PUNCTpunctVERB	有	19
另	ADVadvmodVERB	有	19
有	VERB_PREDICATE_OF	19	19
“	PUNCTpunctPART	馆	19
图 书	NOUNcompoundPART	馆	19
馆	PARTnmodPART	权	19
、	PUNCTpunctNOUN	情报	19
情报	NOUNconjPART	馆	19
与	CCONJccNOUN	档案	19
档案	NOUNnmodNOUN	管理	19
管理	NOUNconjPART	馆	19
”	PUNCTpunctNOUN	管理	19
一	NUMnummodNOUN	级	19
级	NOUNnmodPART	权	19
学科	NOUNnmodPART	权	19
授予	VERBcompoundPART	权	19
权	PARTobjVERB	有	19
及	CCONJccNOUN	博士	19
博士	NOUNconjPART	站	19
后	ADPaclPART	权	19
流动	VERBcompoundPART	站	19
站	PARTconjPART	权	19
、	PUNCTpunctPART	科	19
重点	NOUNcompoundPART	学	19
学	PARTcompoundPART	科	19
科	PARTconjPART	站	19
二	NUMnummodNOUN	个	19
个	NOUNaclPART	站	19
、	PUNCTpunctNOUN	基地	19
文科	NOUNnmodNOUN	基地	19
基地	NOUNconjPART	站	19
一	NUMnummodNOUN	个	19
个	NOUNaclPART	站	19
。	PUNCTpunctVERB	有	19
3)	PROPNnmodPART	系	20
南京	PROPNnmodPART	系	20
大学	NOUNnmodPART	系	20
信息	NOUNnmodPART	系	20
管理	VERBcompoundPART	系	20
系	PARTnsubjVERB	有	20
有	VERB_PREDICATE_OF	20	20
图书	NOUNcompoundPART	馆	20
馆	PARTnmodPART	本	20
学(	NOUNcompoundPART	本	20
本	PARTobjVERB	有	20
、	PUNCTpunctNOUN	硕	20
硕	NOUNconjPART	本	20
、	PUNCTpunctNOUN	博)	20
博)	NOUNconjPART	本	20
，	PUNCTpunctPART	硕	20
情报	NOUNnmodPART	硕	20
学(	NOUNcompoundPART	硕	20
硕	PARTconjPART	本	20
、	PUNCTpunctNOUN	博)	20
博)	NOUNconjPART	本	20
，	PUNCTpunctNOUN	管理	20
信息	NOUNnmodNOUN	管理	20
管理	NOUNconjPART	本	20
与	CCONJccNOUN	系统	20
信息	NOUNnmodNOUN	系统	20
系统	NOUNconjPART	本	20
(本)	NOUNconjPART	本	20
，	PUNCTpunctVERB	有	20
编辑	NOUNnsubjVERB	出版	20
20	ABOUT	编辑	20
出版	VERBparataxisVERB	有	20
学 (本)	SYMobjVERB	出版	20
，	PUNCTpunctNOUN	学(本)	20
档案	NOUNnmodNOUN	学(本)	20
学(本)	NOUNconjPART	本	20
。	PUNCTpunctVERB	有	20
四	NUMnummodNOUN	个	21
个	NOUNclfNOUN	专业	21
本科	NOUNnmodNOUN	专业	21
专业	NOUNnsubjPART	点	21
21	ABOUT	专业	21
与	ADPcaseNOUN	硕	21
两	NUMnummodNOUN	个	21
个	NOUNclfNOUN	硕	21
硕	NOUNnmodPART	点	21
、	PUNCTpunctPART	点	21
博士	NOUNcompoundPART	点	21
点	PART_PREDICATE_OF	21	21
。	PUNCTpunctPART	点	21
4)	NUMnummodNOUN	学院	22
中国	PROPNnmodNOUN	学院	22
人民	NOUNnmodNOUN	学院	22
大学	NOUNnmodNOUN	学院	22
信息	NOUNnmodNOUN	学院	22
资源	NOUNnmodNOUN	学院	22
管理	NOUNnmodNOUN	学院	22
学院	NOUNnsubjVERB	有	22
22	ABOUT	学院	22
有	VERB_PREDICATE_OF	22	22
图书	NOUNcompoundPART	馆	22
馆	PARTnmodNOUN	硕)	22
学(	NOUNnmodNOUN	硕)	22
硕)	NOUNobjVERB	有	22
22	ABOUT	硕)	22
，	PUNCTpunctNOUN	硕)	22
情报	NOUNnmodNOUN	硕)	22
学(	NOUNnmodNOUN	硕)	22
硕)	NOUNconjNOUN	硕)	22
，	PUNCTpunctNOUN	管理	22
信息	NOUNnmodNOUN	管理	22
管理	NOUNconjNOUN	硕)	22
与	CCONJccNOUN	(本)	22
信息	NOUNnmodNOUN	(本)	22
系统	NOUNnmodNOUN	(本)	22
(本)	NOUNconjNOUN	硕)	22
，	PUNCTpunctPART	本	22
档案	NOUNnmodPART	本	22
学(	NOUNcompoundPART	本	22
本	PARTconjNOUN	硕)	22
、	PUNCTpunctNOUN	硕	22
硕	NOUNconjPART	本	22
、	PUNCTpunctNOUN	博)	22
博)	NOUNconjNOUN	硕)	22
。	PUNCTpunctVERB	有	22
二	NUMnummodNOUN	个	23
个	NOUNclfNOUN	专业	23
本科	NOUNnmodNOUN	专业	23
专业	NOUN_PREDICATE_OF	23	23
与	CCONJccPART	点	23
三	NUMnummodNOUN	个	23
个	NOUNnmodPART	点	23
硕士	NOUNcompoundPART	点	23
点	PARTconjNOUN	专业	23
、	PUNCTpunctPART	点	23
一	NUMnummodNOUN	个	23
个	NOUNnmodPART	点	23
博士	NOUNcompoundPART	点	23
点	PARTconjNOUN	专业	23
。	PUNCTpunctNOUN	专业	23
5)	NUMnummodPART	系	24
南开	PROPNnmodPART	系	24
大学	NOUNnmodPART	系	24
信息	NOUNnmodPART	系	24
管理	VERBcompoundPART	系	24
系	PARTnsubjVERB	有	24
有	VERB_PREDICATE_OF	24	24
图书	NOUNcompoundPART	馆	24
馆	PARTnmodPART	本	24
学(	NOUNcompoundPART	本	24
本	PARTobjVERB	有	24
、	PUNCTpunctNOUN	硕	24
硕	NOUNconjPART	本	24
、	PUNCTpunctPROPN	博)	24
博)	PROPNconjPART	本	24
，	PUNCTpunctNOUN	硕)	24
情报	NOUNnmodNOUN	硕)	24
学(	NOUNnmodNOUN	硕)	24
硕)	NOUNconjPART	本	24
，	PUNCTpunctNOUN	学(本)	24
档案	NOUNnmodNOUN	学(本)	24
学(本)	NOUNconjPART	本	24
。	PUNCTpunctVERB	有	24
两	NUMnummodNOUN	个	25
个	NOUNclfNOUN	专业	25
本科	NOUNnmodNOUN	专业	25
专业	NOUN_PREDICATE_OF	25	25
与	CCONJccPART	点	25
两	NUMnummodNOUN	个	25
个	NOUNnmodPART	点	25
硕士	NOUNcompoundPART	点	25
点	PARTconjNOUN	专业	25
、	PUNCTpunctPART	点	25
一	NUMnummodNOUN	个	25
个	NOUNnmodPART	点	25
博士	NOUNcompoundPART	点	25
点	PARTconjNOUN	专业	25
。	PUNCTpunctNOUN	专业	25
6)	PROPNnmodPART	系	26
中山	PROPNnmodPART	系	26
大学	NOUNnmodPART	系	26
资讯	NOUNnmodPART	系	26
管理	VERBcompoundPART	系	26
系	PARTnsubjVERB	有	26
有	VERB_PREDICATE_OF	26	26
图书	NOUNcompoundPART	馆	26
馆	PARTnmodNOUN	学(本	26
学(本	NOUNobjVERB	有	26
26	ABOUT	学(本	26
、	PUNCTpunctNOUN	硕)	26
硕)	NOUNconjNOUN	学(本	26
，	PUNCTpunctNOUN	硕)	26
情报	NOUNnmodNOUN	硕)	26
学(	NOUNnmodNOUN	硕)	26
硕)	NOUNconjNOUN	学(本	26
，	PUNCTpunctNOUN	管理	26
信息	NOUNnmodNOUN	管理	26
管理	NOUNconjNOUN	学(本	26
与	CCONJccNOUN	(本)	26
信息	NOUNnmodNOUN	(本)	26
系统	NOUNnmodNOUN	(本)	26
(本)	NOUNconjNOUN	学(本	26
，	PUNCTpunctPART	本	26
档案	NOUNnmodPART	本	26
学(	NOUNcompoundPART	本	26
本	PARTconjNOUN	学(本	26
、	PUNCTpunctNOUN	硕)	26
硕)	NOUNconjNOUN	学(本	26
。	PUNCTpunctVERB	有	26
7)	NUMnummodNOUN	学系	27
台湾	PROPNnmodNOUN	学系	27
大学	NOUNnmodNOUN	学系	27
图书	NOUNnmodNOUN	学系	27
资讯	NOUNnmodNOUN	学系	27
学系	NOUNnsubjVERB	有	27
27	ABOUT	学系	27
有	VERB_PREDICATE_OF	27	27
教师	NOUNobjVERB	有	27
27	ABOUT	教师	27
15	NUMnummodNOUN	人	27
人	NOUNaclNOUN	教师	27
(	PUNCTpunctNOUN	人	27
教授	NOUNnsubjNOUN	人	27
27	ABOUT	教授	27
6	NUMnummodNOUN	人	27
人	NOUNaclNOUN	教师	27
，	PUNCTpunctVERB	有	27
副	PARTcase:prefNOUN	教授	27
教授	NOUNnsubjNOUN	人	27
27	ABOUT	教授	27
3	NUMnummodNOUN	人	27
人	NOUNparataxisVERB	有	27
，	PUNCTpunctVERB	有	27
助理	NOUNnmodNOUN	教授	27
教授	NOUNnsubjNUM	2 人)	27
27	ABOUT	教授	27
2 人)	NUMparataxisVERB	有	27
，	PUNCTpunctVERB	有	27
一	NUMnummodNOUN	个	27
个	NOUNclfNOUN	专业	27
专业	NOUNnsubjVERB	有	27
27	ABOUT	专业	27
，	PUNCTpunctVERB	有	27
有	VERBparataxisVERB	有	27
本	NOUNobjVERB	有	27
27	ABOUT	本	27
、	PUNCTpunctNOUN	硕	27
硕	NOUNconjNOUN	本	27
、	PUNCTpunctNOUN	博	27
博	NOUNconjNOUN	本	27
三	NUMnummodNOUN	类	27
类	NOUNclfNOUN	学 位	27
学 位	NOUNapposNOUN	本	27
。	PUNCTpunctVERB	有	27
(	PUNCTpunctNOUN	时间	28
资料	NOUNnmodNOUN	时间	28
时间	NOUNnsubjVERB	培养	28
28	ABOUT	时间	28
为	AUXcopNOUN	课程	28
2003	NUMnummodNOUN	年	28
年	NOUNclfNOUN	课程	28
3	NUMnummodNOUN	月)	28
月)	NOUNclfNOUN	课程	28
3	NUMnummodNOUN	课程	28
课程	NOUNnsubjVERB	设置	28
28	ABOUT	课程	28
设置	VERBadvclVERB	培养	28
与	ADPcaseNOUN	方向	28
主要	ADJamodNOUN	方向	28
研究	NOUNnmodNOUN	方向	28
方向	NOUNoblVERB	设置	28
28	ABOUT	方向	28
目前	NOUNnmod:tmodVERB	分	28
中国	PROPNnmodNOUN	教育	28
图书	NOUNcompoundPART	馆	28
馆	PARTnmodNOUN	教育	28
学情报学	NOUNnmodNOUN	教育	28
教育	NOUNnsubjVERB	培养	28
28	ABOUT	教育	28
主要	ADVadvmodVERB	分	28
分	VERBadvclVERB	培养	28
为	VERBmarkVERB	分	28
以下	DETdetNOUN	个	28
几	NUMnummodNOUN	个	28
个	NOUNnmodNOUN	层	28
层	NOUNnmodNOUN	硕士	28
次	NUMnummodX	: 1)	28
: 1)	XnmodNOUN	硕士	28
研究	VERBcompoundPART	生	28
生	PARTcompoundPART	教	28
教	PARTnmodNOUN	硕士	28
育(	NOUNnmodNOUN	硕士	28
硕士	NOUNobjVERB	分	28
28	ABOUT	硕士	28
与	CCONJccNOUN	生)	28
博士	NOUNnmodNOUN	生)	28
研究	NOUNnmodNOUN	生)	28
生)	NOUNconjNOUN	硕士	28
，	PUNCTpunctVERB	培养	28
主要	ADVadvmodVERB	培养	28
培养	VERB_PREDICATE_OF	28	28
图书	NOUNnmodNOUN	工作	28
情报	NOUNnmodNOUN	工作	28
工作	NOUNobjVERB	才及	28
28	ABOUT	工作	28
的	PARTmark:relclVERB	培养	28
高级	ADJamodPART	人	28
管理	VERBcompoundPART	人	28
人	PARTnsubjVERB	才及	28
才及	VERBccompVERB	培养	28
相关	ADJamodNOUN	领域	28
领域	NOUNnmodNOUN	人才	28
的	PARTcase:decNOUN	领域	28
教学	NOUNnmodNOUN	人才	28
科研	NOUNnmodNOUN	人才	28
人才	NOUNobjVERB	才及	28
28	ABOUT	人才	28
。	PUNCTpunctVERB	培养	28
2)	NUMnummodNOUN	本	29
本	NOUNclfNOUN	教育	29
科生	NOUNnmodNOUN	教育	29
教育	NOUNnsubjVERB	培养	29
29	ABOUT	教育	29
，	PUNCTpunctVERB	培养	29
主要	ADVadvmodVERB	培养	29
培养	VERB_PREDICATE_OF	29	29
图书	NOUNnmodNOUN	工作	29
情报	NOUNnmodNOUN	工作	29
工作	NOUNobjVERB	培养	29
29	ABOUT	工作	29
的	PARTmark:relclVERB	培养	29
骨干	NOUNnmodNOUN	人才	29
人才	NOUNobjVERB	培养	29
29	ABOUT	人才	29
。	PUNCTpunctVERB	培养	29
3)	PROPNnsubjVERB	培养	30
中	ADPaclPROPN	3)	30
等	NOUNaclPROPN	3)	30
专业	ADJamodNOUN	教育	30
教育	NOUNnsubjVERB	培养	30
30	ABOUT	教育	30
与	CCONJccNOUN	教育	30
成人	NOUNnmodNOUN	教育	30
教育	NOUNconjNOUN	教育	30
，	PUNCTpunctVERB	培养	30
主要	ADVadvmodVERB	培养	30
培养	VERB_PREDICATE_OF	30	30
图书	NOUNnmodNOUN	工作	30
情报	NOUNnmodNOUN	工作	30
工作	NOUNnmodNOUN	人员	30
的	PARTcase:decNOUN	工作	30
一般	ADJamodNOUN	人员	30
工作	NOUNnmodNOUN	人员	30
人员	NOUNobjVERB	培养	30
30	ABOUT	人员	30
。	PUNCTpunctVERB	培养	30
图书	NOUNcompoundPART	馆	31
馆	PARTnmodNOUN	科生	31
情报	NOUNnmodNOUN	科生	31
学本	NOUNnmodNOUN	科生	31
科生	NOUNnsubjVERB	学习	31
31	ABOUT	科生	31
主要	ADVadvmodVERB	学习	31
学习	VERB_PREDICATE_OF	31	31
图书	NOUNnmodNOUN	馆学	31
馆学	NOUNnmodNOUN	理论	31
和	CCONJccNOUN	管理	31
信息	NOUNnmodNOUN	管理	31
管理	NOUNconjNOUN	馆学	31
的	PARTcase:decNOUN	馆学	31
基本	NOUNnmodNOUN	理论	31
理论	NOUNobjVERB	学习	31
31	ABOUT	理论	31
和	CCONJccNOUN	知识	31
基础	NOUNnmodNOUN	知识	31
知识	NOUNconjNOUN	理论	31
，	PUNCTpunctVERB	学习	31
受	VERBparataxisVERB	学习	31
文献	NOUNcompoundPART	学	31
学	PARTnmodNOUN	训练	31
、	PUNCTpunctPART	学	31
目录	NOUNcompoundPART	学	31
学	PARTconjPART	学	31
、	PUNCTpunctPART	学	31
信息	NOUNcompoundPART	学	31
学	PARTconjPART	学	31
、	PUNCTpunctPART	学	31
传播	VERBcompoundPART	学	31
学	PARTconjPART	学	31
、	PUNCTpunctPART	学	31
管理	VERBcompoundPART	学	31
学	PARTconjPART	学	31
、	PUNCTpunctPART	学	31
经济	NOUNcompoundPART	学	31
学	PARTconjPART	学	31
等	NOUNaclPART	学	31
方面	NOUNapposPART	学	31
的	PARTcase:decPART	学	31
基本	NOUNnmodNOUN	训练	31
训练	NOUNnsubjVERB	掌握	31
31	ABOUT	训练	31
，	PUNCTpunctVERB	掌握	31
掌握	VERBparataxisVERB	学习	31
文献	NOUNnmodNOUN	收集	31
信息	NOUNnmodNOUN	收集	31
收集	NOUNobjVERB	掌握	31
31	ABOUT	收集	31
、	PUNCTpunctNOUN	处理	31
处理	NOUNconjNOUN	收集	31
、	PUNCTpunctNOUN	研究	31
研究	NOUNconjNOUN	收集	31
、	PUNCTpunctNOUN	开发	31
开发	NOUNconjNOUN	收集	31
和	CCONJccNOUN	传递	31
传递	NOUNconjNOUN	收集	31
的	PARTcase:decNOUN	收集	31
技能	NOUNnmodNOUN	课程	31
,主	NOUNnmodNOUN	课程	31
修	PARTcase:prefNOUN	课程	31
课程	NOUNapposNOUN	基础	31
有	VERBaclNOUN	收集	31
:图	NOUNcompoundPART	书	31
书	PARTnmodNOUN	基础	31
馆学	NOUNnmodNOUN	基础	31
基础	NOUNobjVERB	有	31
31	ABOUT	基础	31
、	PUNCTpunctNOUN	建设	31
文献	NOUNnmodNOUN	建设	31
资源	NOUNnmodNOUN	建设	31
建设	NOUNconjNOUN	基础	31
、	PUNCTpunctPART	法	31
文献	NOUNnmodPART	法	31
分类	NOUNcompoundPART	法	31
法	PARTconjNOUN	基础	31
与	CCONJccPART	法	31
主题	NOUNcompoundPART	法	31
法	PARTconjNOUN	基础	31
、	PUNCTpunctNOUN	编 目	31
文献	NOUNnmodNOUN	编 目	31
编 目	NOUNconjNOUN	基础	31
、	PUNCTpunctNOUN	检索	31
人文	NOUNnmodNOUN	检索	31
社会	NOUNnmodNOUN	检索	31
科学	NOUNnmodNOUN	检索	31
文献	NOUNnmodNOUN	检索	31
检索	NOUNconjNOUN	基础	31
、	PUNCTpunctNOUN	检索	31
科技	NOUNnmodNOUN	检索	31
文献	NOUNnmodNOUN	检索	31
检索	NOUNconjNOUN	基础	31
、	PUNCTpunctNOUN	咨询	31
咨询	NOUNconjNOUN	场学	31
与	CCONJccNOUN	决策	31
决策	NOUNconjNOUN	检索	31
、	PUNCTpunctNOUN	场学	31
信息	NOUNcompoundPART	市	31
市	PARTnmodNOUN	场学	31
场学	NOUNconjNOUN	基础	31
、	PUNCTpunctPART	学	31
文献	NOUNnmodPART	学	31
计量	NOUNcompoundPART	学	31
学	PARTconjNOUN	基础	31
、	PUNCTpunctNOUN	应用	31
计算	VERBcompoundPART	机	31
机	PARTnmodNOUN	应用	31
应用	NOUNconjNOUN	基础	31
、	PUNCTpunctNOUN	管理	31
数据	NOUNcompoundPART	库	31
库	PARTnmodNOUN	管理	31
管理	NOUNconjNOUN	基础	31
、	PUNCTpunctNOUN	概论	31
文献	NOUNcompoundPART	学	31
学	PARTnmodNOUN	概论	31
概论	NOUNconjNOUN	基础	31
、	PUNCTpunctNOUN	概论	31
目录	NOUNcompoundPART	学	31
学	PARTnmodNOUN	概论	31
概论	NOUNconjNOUN	基础	31
、	PUNCTpunctNOUN	系统	31
计算	VERBcompoundPART	机	31
机	PARTnmodNOUN	系统	31
系统	NOUNcompoundPART	库	31
与	CCONJccNOUN	软件	31
系统	NOUNnmodNOUN	软件	31
软件	NOUNconjNOUN	基础	31
、	PUNCTpunctNOUN	结构	31
数据	NOUNnmodNOUN	结构	31
结构	NOUNconjNOUN	系统	31
与	CCONJccPART	库	31
数据	NOUNcompoundPART	库	31
库	PARTconjNOUN	基础	31
、	PUNCTpunctNOUN	网络	31
计算	VERBcompoundPART	机	31
机	PARTnmodNOUN	网络	31
网络	NOUNconjNOUN	基础	31
、	PUNCTpunctPART	学	31
信息	NOUNnmodPART	学	31
管理	NOUNcompoundPART	学	31
学	PARTconjNOUN	基础	31
、	PUNCTpunctNOUN	组织	31
信息	NOUNnmodNOUN	组织	31
组织	NOUNconjNOUN	基础	31
、	PUNCTpunctNOUN	存储	31
信息	NOUNnmodNOUN	存储	31
存储	NOUNconjNOUN	基础	31
与	CCONJccNOUN	检索	31
检索	NOUNconjNOUN	存储	31
、	PUNCTpunctNOUN	分析	31
管理	NOUNnmodNOUN	分析	31
信息	NOUNnmodNOUN	分析	31
系统	NOUNnmodNOUN	分析	31
分析	NOUNconjNOUN	基础	31
与	CCONJccNOUN	设计	31
设计	NOUNconjNOUN	分析	31
等	NOUNaclNOUN	基础	31
。	PUNCTpunctVERB	学习	31
图书	NOUNnmodPART	生	32
馆学	NOUNnmodPART	生	32
研究	VERBcompoundPART	生	32
生	PARTnmodNOUN	目标	32
的	PARTcase:decPART	生	32
培养	NOUNnmodNOUN	目标	32
目标	NOUNnsubjNOUN	知识	32
32	ABOUT	目标	32
是	AUXcopNOUN	知识	32
:	VERBadvclVERB	具有	32
具有	VERBacl:relclNOUN	知识	32
坚实	ADJadvclADJ	宽广	32
宽广	ADJamodNOUN	知识	32
的	PARTmark:relclADJ	宽广	32
图书	NOUNnmodNOUN	知识	32
馆学	NOUNnmodNOUN	知识	32
基础	NOUNnmodNOUN	知识	32
理论	NOUNnmodNOUN	知识	32
知识	NOUN_PREDICATE_OF	32	32
，	PUNCTpunctNOUN	知 识	32
系统	NOUNnsubjVERB	深入	32
32	ABOUT	系统	32
深入	VERBacl:relclNOUN	知 识	32
的	PARTmark:relclVERB	深入	32
专门	ADJamodNOUN	知 识	32
知 识	NOUNconjNOUN	知识	32
和	CCONJccNOUN	素质	32
优秀	ADJamodNOUN	素质	32
的	PARTmark:relclADJ	优秀	32
综合	NOUNnmodNOUN	素质	32
素质	NOUNconjNOUN	知识	32
和	CCONJccNOUN	人才	32
能力	NOUNnmodNOUN	人才	32
的	PARTcase:decNOUN	能力	32
高级	ADJamodNOUN	人才	32
专门	ADJamodNOUN	人才	32
人才	NOUNconjNOUN	知识	32
。	PUNCTpunctNOUN	知识	32
对	ADPcaseNOUN	历史	33
所	ADVmarkVERB	从事	33
从事	VERBacl:relclNOUN	领域	33
的	PARTmark:relclVERB	从事	33
研究	NOUNnmodNOUN	领域	33
领域	NOUNnmodNOUN	历史	33
的	PARTcase:decNOUN	领域	33
历史	NOUNnsubjVERB	沿有	33
33	ABOUT	历史	33
、	PUNCTpunctNOUN	现状	33
现状	NOUNconjNOUN	历史	33
及	CCONJccNOUN	前	33
前	NOUNconjNOUN	历史	33
沿有	VERB_PREDICATE_OF	33	33
全面	ADVadvmodVERB	深 入	33
深 入	VERBacl:relclNOUN	了解	33
的	PARTmark:relclVERB	深 入	33
了解	NOUNobjVERB	沿有	33
33	ABOUT	了解	33
。	PUNCTpunctVERB	沿有	33
至少	ADVadvmodVERB	掌握	34
掌握	VERBadvclVERB	具有	34
一	NUMnummodNOUN	门	34
门	NOUNnmodPART	语	34
外国	NOUNcompoundPART	语	34
语	PARTobjVERB	掌握	34
，	PUNCTpunctVERB	具有	34
能够	AUXauxVERB	熟练	34
熟练	VERBadvclVERB	具有	34
地阅	NOUNobjVERB	熟练	34
34	ABOUT	地阅	34
读本	VERBadvclVERB	具有	34
专业	ADJamodNOUN	资料	34
的	PARTcase:decADJ	专业	34
外文	NOUNnmodNOUN	资料	34
资料	NOUNobjVERB	读本	34
34	ABOUT	资料	34
，	PUNCTpunctVERB	具有	34
具有	VERB_PREDICATE_OF	34	34
一定	ADJamodNOUN	能力	34
的	PARTmark:relclADJ	一定	34
写作	NOUNnmodNOUN	能力	34
能力	NOUNobjVERB	具有	34
34	ABOUT	能力	34
和	CCONJccVERB	进 行	34
进 行	VERBacl:relclNOUN	能力	34
国际	NOUNnmodNOUN	交流	34
学术	NOUNnmodNOUN	交流	34
交流	NOUNnmodNOUN	能力	34
的	PARTcase:decNOUN	交流	34
能力	NOUNconjNOUN	能力	34
。	PUNCTpunctVERB	具有	34
熟练	NOUNnsubjVERB	掌握	35
35	ABOUT	熟练	35
掌握	VERB_PREDICATE_OF	35	35
计算	VERBcompoundPART	机	35
机	PARTnmodNOUN	知识	35
应用	NOUNnmodNOUN	知识	35
知识	NOUNobjVERB	掌握	35
35	ABOUT	知识	35
。	PUNCTpunctVERB	掌握	35
能	AUXauxVERB	独立	36
独立	VERBacl:relclNOUN	;能	36
从事	VERBacl:relclNOUN	;能	36
创新	VERBcompoundPART	性	36
性	PARTobjVERB	从事	36
的	PARTmark:relclVERB	从事	36
科学	NOUNnmodNOUN	;能	36
研究	NOUNnmodNOUN	;能	36
;能	NOUNnsubjVERB	胜任	36
36	ABOUT	;能	36
胜任	VERB_PREDICATE_OF	36	36
大型	NOUNnmodNOUN	机构	36
文献	NOUNnmodNOUN	机构	36
信息	NOUNnmodNOUN	机构	36
机构	NOUNnmodNOUN	工作	36
的	PARTcase:decNOUN	机构	36
高层	NOUNnmodNOUN	工作	36
次	PARTcase:prefNOUN	管理	36
管理	NOUNnmodNOUN	工作	36
工作	NOUNobjVERB	胜任	36
36	ABOUT	工作	36
或	CCONJccNOUN	教学	36
高等	ADJamodNOUN	学校	36
学校	NOUNnmodNOUN	教学	36
的	PARTcase:decNOUN	学校	36
教学	NOUNconjNOUN	工作	36
和	CCONJccNOUN	研究	36
研究	NOUNconjNOUN	教学	36
工作	NOUNconjNOUN	工作	36
。	PUNCTpunctVERB	胜任	36
图书	NOUNnmodNOUN	馆 学	37
馆学	NOUNnmodNOUN	馆 学	37
博士	NOUNnmodNOUN	馆 学	37
学位	NOUNnmodNOUN	馆 学	37
设理	VERBcompoundPART	论	37
论	PARTnmodNOUN	馆 学	37
图书	NOUNnmodNOUN	馆 学	37
馆 学	NOUNnsubjVERB	应用	37
37	ABOUT	馆 学	37
、	PUNCTpunctVERB	应用	37
应用	VERB_PREDICATE_OF	37	37
图书	NOUNnmodNOUN	馆学	37
馆学	NOUNobjVERB	应用	37
37	ABOUT	馆学	37
、	PUNCTpunctPART	学	37
现代	NOUNnmodPART	学	37
目录	NOUNcompoundPART	学	37
学	PARTconjNOUN	馆学	37
、	PUNCTpunctPART	学	37
文献	NOUNcompoundPART	学	37
学	PARTconjNOUN	馆学	37
等	NOUNaclNOUN	馆学	37
研究	NOUNnmodNOUN	方向	37
方向	NOUNapposNOUN	馆学	37
。	PUNCTpunctVERB	应用	37
基础	NOUNnmodPART	课	38
理论	NOUNcompoundPART	课	38
课	PARTnsubjVERB	有	38
有	VERB_PREDICATE_OF	38	38
文献	NOUNnmodNOUN	引论	38
信息	NOUNcompoundPART	学	38
学	PARTnmodNOUN	引论	38
引论	NOUNobjVERB	有	38
38	ABOUT	引论	38
、	PUNCTpunctNOUN	进展	38
图书	NOUNnmodNOUN	进展	38
馆学	NOUNnmodNOUN	进展	38
研究	NOUNnmodNOUN	进展	38
进展	NOUNconjNOUN	引论	38
等	NOUNaclNOUN	引论	38
;	NOUNnmodNOUN	专业	38
专业	NOUNapposNOUN	引论	38
课有	VERBparataxisVERB	有	38
图书	NOUNnmodNOUN	研究	38
馆学	NOUNnmodNOUN	研究	38
专题	NOUNnmodNOUN	研究	38
研究	NOUNobjVERB	课有	38
38	ABOUT	研究	38
、	PUNCTpunctNOUN	研究	38
目录	NOUNcompoundPART	学	38
学	PARTnmodNOUN	研究	38
专题	NOUNnmodNOUN	研究	38
研究	NOUNconjNOUN	引论	38
、	PUNCTpunctNOUN	研究	38
文献	NOUNcompoundPART	学	38
学	PARTnmodNOUN	研究	38
专题	NOUNnmodNOUN	研究	38
研究	NOUNconjNOUN	引论	38
等	NOUNaclNOUN	引论	38
。	PUNCTpunctVERB	有	38
情报	NOUNcompoundPART	学	39
学	PARTnmodPART	生	39
专业	ADJamodPART	生	39
研究	VERBcompoundPART	生	39
生	PARTnmodNOUN	目标	39
的	PARTcase:decPART	生	39
培养	NOUNnmodNOUN	目标	39
目标	NOUNnsubjNOUN	理论	39
39	ABOUT	目标	39
是	AUXcopNOUN	理论	39
:	VERBadvclVERB	具有	39
具有	VERBacl:relclNOUN	理论	39
情报	NOUNcompoundPART	学	39
学	PARTnmodNOUN	领域	39
领域	NOUNnsubjADJ	宽广	39
39	ABOUT	领域	39
坚实	ADJadvclADJ	宽广	39
宽广	ADJccompVERB	具有	39
的	PARTmark:relclVERB	具有	39
基础	NOUNnmodNOUN	理论	39
理论	NOUN_PREDICATE_OF	39	39
，	PUNCTpunctNOUN	理论	39
系统	NOUNnsubjVERB	深入	39
39	ABOUT	系统	39
深入	VERBacl:relclNOUN	知 识	39
的	PARTmark:relclVERB	深入	39
专门	ADVadvmodNOUN	知 识	39
知 识	NOUNnmodNOUN	人才	39
和	CCONJccNOUN	知识	39
较为	ADVadvmodADJ	广博	39
广博	ADJamodNOUN	知识	39
的	PARTmark:relclADJ	广博	39
相关	ADJamodNOUN	知识	39
学科	NOUNnmodNOUN	知识	39
知识	NOUNconjNOUN	知 识	39
的	PARTcase:decNOUN	知识	39
高级	ADJamodNOUN	人才	39
专门	ADJamodNOUN	人才	39
人才	NOUNconjNOUN	理论	39
。	PUNCTpunctNOUN	理论	39
学位	NOUNnmodPART	者	40
获得	VERBcompoundPART	者	40
者	PARTnsubjVERB	熟练	40
应	AUXauxVERB	熟练	40
熟练	VERB_PREDICATE_OF	40	40
利用	VERBxcompVERB	熟练	40
计算	VERBcompoundPART	机	40
机	PARTnmodNOUN	处理	40
处理	NOUNobjVERB	利用	40
40	ABOUT	处理	40
和	CCONJccNOUN	信息	40
管理	NOUNnmodNOUN	信息	40
信息	NOUNconjNOUN	处理	40
。	PUNCTpunctVERB	熟练	40
至少	ADVadvmodVERB	掌握	41
掌握	VERBadvclVERB	具有	41
一	NUMnummodNOUN	门	41
门	NOUNnmodPART	语	41
外国	NOUNcompoundPART	语	41
语	PARTobjVERB	掌握	41
，	PUNCTpunctVERB	具有	41
能够	AUXauxVERB	熟练	41
熟练	VERBadvclVERB	具有	41
地阅	NOUNobjVERB	熟练	41
41	ABOUT	地阅	41
读本	VERBadvclVERB	具有	41
专业	ADJamodNOUN	资料	41
的	PARTcase:decADJ	专业	41
外文	NOUNnmodNOUN	资料	41
资料	NOUNobjVERB	读本	41
41	ABOUT	资料	41
，	PUNCTpunctVERB	具有	41
具有	VERB_PREDICATE_OF	41	41
一定	ADJamodNOUN	能力	41
的	PARTmark:relclADJ	一定	41
写作	NOUNnmodNOUN	能力	41
能力	NOUNobjVERB	具有	41
41	ABOUT	能力	41
和	CCONJccNOUN	能力	41
进行	VERBacl:relclNOUN	能力	41
国际	NOUNnmodNOUN	交流	41
学术	NOUNnmodNOUN	交流	41
交流	NOUNobjVERB	进行	41
41	ABOUT	交流	41
的	PARTmark:relclVERB	进行	41
能力	NOUNconjNOUN	能力	41
。	PUNCTpunctVERB	具有	41
具有	VERBacl:relclNOUN	能力	42
独立	NOUNnsubjVERB	从事	42
42	ABOUT	独立	42
从事	VERBxcompVERB	具有	42
科学	NOUNnmodNOUN	研究	42
研究	NOUNobjVERB	从事	42
42	ABOUT	研究	42
和	CCONJccNOUN	工作	42
实际	NOUNnmodNOUN	工作	42
工作	NOUNconjNOUN	研究	42
的	PARTmark:relclVERB	具有	42
能力	NOUN_PREDICATE_OF	42	42
。	PUNCTpunctNOUN	能力	42
能够	AUXauxVERB	任高	43
任高	VERBadvclVERB	从事	43
等	NOUNaclNOUN	学校	43
学校	NOUNnmodNOUN	教学	43
和	CCONJccNOUN	机构	43
专业	ADJamodNOUN	机构	43
研究	NOUNnmodNOUN	机构	43
机构	NOUNconjNOUN	学校	43
的	PARTcase:decNOUN	学校	43
教学	NOUNnsubjVERB	从事	43
43	ABOUT	教学	43
和	CCONJccNOUN	工作	43
科研	NOUNnmodNOUN	工作	43
工作	NOUNconjNOUN	教学	43
，	PUNCTpunctVERB	从事	43
同时	NOUNnmod:tmodVERB	从事	43
也能	AUXauxVERB	从事	43
在	ADPcaseNOUN	单位	43
企事	VERBcompoundPART	业	43
业	PARTnmodNOUN	单位	43
单位	NOUNoblVERB	从事	43
43	ABOUT	单位	43
从事	VERB_PREDICATE_OF	43	43
高层	NOUNnmodNOUN	次	43
次	NOUNacl:relclNOUN	工作	43
的	PARTmark:relclNOUN	次	43
信息	NOUNnmodNOUN	工作	43
管理	NOUNnmodNOUN	工作	43
工作	NOUNobjVERB	从事	43
43	ABOUT	工作	43
。	PUNCTpunctVERB	从事	43
情报	NOUNcompoundPART	学	44
学	PARTnmodNOUN	学位	44
博士	NOUNnmodNOUN	学位	44
学位	NOUNnsubjVERB	设情	44
44	ABOUT	学位	44
设情	VERB_PREDICATE_OF	44	44
报学	NOUNnmodNOUN	理论	44
理论	NOUNobjVERB	设情	44
44	ABOUT	理论	44
与	CCONJccNOUN	方法	44
方法	NOUNconjNOUN	理论	44
、	PUNCTpunctNOUN	研究	44
情报	NOUNnmodNOUN	研究	44
研究	NOUNconjNOUN	理论	44
与	CCONJccNOUN	预测	44
预测	NOUNconjNOUN	理论	44
、	PUNCTpunctNOUN	管理	44
信息	NOUNnmodNOUN	管理	44
资源	NOUNnmodNOUN	管理	44
管理	NOUNconjNOUN	理论	44
、	PUNCTpunctNOUN	工程	44
计算	VERBcompoundPART	机	44
机	PARTnmodNOUN	工程	44
情报	NOUNnmodNOUN	工程	44
系统	NOUNnmodNOUN	工程	44
工程	NOUNconjNOUN	理论	44
与	CCONJccPART	化	44
网络	NOUNcompoundPART	化	44
化	PARTconjNOUN	理论	44
、	PUNCTpunctNOUN	经济	44
信息	NOUNnmodNOUN	经济	44
经济	NOUNconjPART	化	44
等	NOUNaclPART	化	44
研究	NOUNnmodNOUN	方向	44
方向	NOUNapposNOUN	理论	44
。	PUNCTpunctVERB	设情	44
基础	NOUNnmodPART	课	45
理论	NOUNcompoundPART	课	45
课	PARTnsubjVERB	有	45
有	VERB_PREDICATE_OF	45	45
情报	NOUNcompoundPART	学	45
学	PARTnmodNOUN	进展	45
进展	NOUNobjVERB	有	45
45	ABOUT	进展	45
、	PUNCTpunctPART	学	45
理论	NOUNnmodPART	学	45
情报	NOUNcompoundPART	学	45
学	PARTconjNOUN	进展	45
、	PUNCTpunctNOUN	工程	45
计算	VERBcompoundPART	机	45
机	PARTnmodNOUN	工程	45
情报	NOUNnmodNOUN	工程	45
系统	NOUNnmodNOUN	工程	45
工程	NOUNconjNOUN	进展	45
等	NOUNaclNOUN	进展	45
;	NOUNnmodNOUN	专业	45
专业	NOUNapposNOUN	进展	45
课有	VERBparataxisVERB	有	45
情报	NOUNnmodNOUN	设计	45
检索	NOUNnmodNOUN	设计	45
系统	NOUNnmodNOUN	设计	45
设计	NOUNobjVERB	课有	45
45	ABOUT	设计	45
与	CCONJccNOUN	设计	45
8	NUMnummodNOUN	设计	45
评价	NOUN_PREDICATE_OF	46	46
、	PUNCTpunctNOUN	研究	46
情报	NOUNnmodNOUN	研究	46
研究	NOUNconjNOUN	评价	46
与	CCONJccNOUN	决策	46
决策	NOUNconjNOUN	评价	46
、	PUNCTpunctNOUN	分析	46
信息	NOUNnmodNOUN	分析	46
经济	NOUNnmodNOUN	分析	46
分析	NOUNconjNOUN	评价	46
、	PUNCTpunctNOUN	服务	46
信息	NOUNnmodNOUN	服务	46
服务	NOUNconjNOUN	评价	46
与	CCONJccNOUN	研究	46
咨询	NOUNnmodNOUN	研究	46
研究	NOUNconjNOUN	评价	46
、	PUNCTpunctPART	学	46
情报	NOUNnmodPART	学	46
管理	NOUNcompoundPART	学	46
学	PARTconjNOUN	评价	46
、	PUNCTpunctNOUN	据库	46
情报	NOUNcompoundPART	数	46
数	PARTnmodNOUN	据库	46
据库	NOUNconjNOUN	评价	46
与	CCONJccNOUN	策略	46
检索	NOUNnmodNOUN	策略	46
策略	NOUNconjNOUN	评价	46
、	PUNCTpunctNOUN	文献	46
文献	NOUNconjNOUN	评价	46
与	CCONJccPART	学	46
情报	NOUNnmodPART	学	46
计量	NOUNcompoundPART	学	46
学	PARTconjNOUN	评价	46
等	NOUNaclNOUN	评价	46
。	PUNCTpunctNOUN	评价	46
4	NUMnummodNOUN	图	47
图	NOUNcompoundPART	馆	47
书	NOUNcompoundPART	馆	47
馆	PARTcompoundPART	学	47
学	PARTnsubjVERB	情	47
情	VERB_PREDICATE_OF	47	47
报学	NOUNnmodNOUN	教育	47
教育	NOUNnsubjVERB	面临	47
47	ABOUT	教育	47
所	ADVmarkVERB	面临	47
面临	VERBacl:relclNOUN	问题	47
的	PARTmark:relclVERB	面临	47
问题	NOUNobjVERB	情	47
47	ABOUT	问题	47
大约	ADVadvmodNOUN	年	47
20	NUMnummodNOUN	年	47
年	NOUNccompVERB	情	47
前	ADPaclNOUN	年	47
，	PUNCTpunctPART	学	47
图书	NOUNcompoundPART	馆	47
馆	PARTnmodNOUN	专业	47
学本	NOUNcompoundPART	科	47
科	PARTnmodNOUN	专业	47
专业	NOUNnmodNOUN	知识	47
的	PARTcase:decNOUN	专业	47
基础	NOUNnmodNOUN	知识	47
知识	NOUNnsubjPART	学	47
47	ABOUT	知识	47
是	AUXcopPART	学	47
图书	NOUNcompoundPART	学	47
与	CCONJccNOUN	文献	47
文献	NOUNconjNOUN	图书	47
学	PARTconjNOUN	资源	47
、	PUNCTpunctPART	学	47
目录	NOUNcompoundPART	学	47
学	PARTconjPART	学	47
等	NOUNaclPART	学	47
，	PUNCTpunctPART	学	47
应用	NOUNnmodNOUN	知识	47
知识	NOUNnsubjNOUN	资源	47
47	ABOUT	知识	47
是	AUXcopNOUN	资源	47
文献	NOUNnmodNOUN	资源	47
资源	NOUNparataxisVERB	情	47
、	PUNCTpunctNOUN	管理	47
图书	NOUNcompoundPART	馆	47
馆	PARTnmodNOUN	管理	47
管理	NOUNconjNOUN	资源	47
、	PUNCTpunctNOUN	编目	47
分类	NOUNnmodNOUN	编目	47
编目	NOUNconjNOUN	资源	47
、	PUNCTpunctPART	书	47
工具	NOUNcompoundPART	书	47
书	PARTconjNOUN	资源	47
与	CCONJccNOUN	索引	47
索引	NOUNconjNOUN	资源	47
等	NOUNaclNOUN	资源	47
。	PUNCTpunctVERB	情	47
这	PRONnsubjVERB	是	48
是	VERB_PREDICATE_OF	48	48
从	ADPcaseNOUN	课程	48
北大	PROPNoblVERB	得出	48
、	PUNCTpunctPROPN	武大	48
武大	PROPNconjPROPN	北大	48
当时	NOUNnmodNOUN	本科	48
本科	NOUNnsubjVERB	开设	48
48	ABOUT	本科	48
开设	VERBacl:relclNOUN	课程	48
的	PARTmark:relclVERB	开设	48
课程	NOUNoblVERB	得出	48
48	ABOUT	课程	48
中	ADPaclNOUN	课程	48
所	ADVmarkVERB	得出	48
得出	VERBacl:relclNOUN	结 论	48
的	PARTmark:relclVERB	得出	48
结 论	NOUNxcompVERB	是	48
。	PUNCTpunctVERB	是	48
近十	NUMnummodNOUN	年	49
年	NOUNnmod:tmodVERB	受到	49
来	ADPaclNOUN	年	49
，	PUNCTpunctVERB	受到	49
随	VERBadvclVERB	受到	49
着	PARTcase:aspectVERB	随	49
技术	NOUNnmodNOUN	发展	49
的	PARTcase:decNOUN	技术	49
发展	NOUNobjVERB	随	49
49	ABOUT	发展	49
与	CCONJccNOUN	变迁	49
文本	NOUNnmodNOUN	变迁	49
的	PARTcase:decNOUN	文本	49
变迁	NOUNconjNOUN	发展	49
，	PUNCTpunctVERB	受到	49
原有	ADJamodNOUN	知识	49
的	PARTmark:relclADJ	原有	49
基础	NOUNnmodNOUN	知识	49
知识	NOUNnsubjVERB	受到	49
49	ABOUT	知识	49
受到	VERBadvclVERB	没有	49
质疑	NOUNnsubj:passVERB	抛弃	49
49	ABOUT	质疑	49
并	ADVmarkVERB	抛弃	49
被	VERBaux:passVERB	抛弃	49
抛弃	VERBccompVERB	受到	49
，	PUNCTpunctVERB	没有	49
但	ADVmarkVERB	没有	49
我	PRONnsubjVERB	没有	49
没有	VERB_PREDICATE_OF	49	49
确立	VERBxcompVERB	没有	49
新	ADJamodNOUN	知识	49
的	PARTmark:relclADJ	新	49
专业	ADJamodNOUN	知识	49
基础	NOUNnmodNOUN	知识	49
知识	NOUNobjVERB	确立	49
49	ABOUT	知识	49
。	PUNCTpunctVERB	没有	49
本科	NOUNnmodNOUN	教育	50
教育	NOUNnsubjVERB	提供	50
50	ABOUT	教育	50
未能	AUXauxVERB	提供	50
给	VERBadvclVERB	提供	50
研究	VERBcompoundPART	生	50
生	PARTnmodNOUN	教育	50
教育	NOUNobjVERB	给	50
50	ABOUT	教育	50
提供	VERB_PREDICATE_OF	50	50
扎实	ADJamodNOUN	根基	50
的	PARTmark:relclADJ	扎实	50
根基	NOUNobjVERB	提供	50
50	ABOUT	根基	50
。	PUNCTpunctVERB	提供	50
硕士	NOUNnmodNOUN	教育	51
研究	VERBcompoundPART	生	51
生	PARTnmodNOUN	教育	51
教育	NOUNnsubjVERB	有	51
51	ABOUT	教育	51
大约	ADVadvmodVERB	有	51
有	VERBcsubjVERB	强调	51
两	NUMnummodNOUN	个	51
个	NOUNclfX	: 1)	51
方向	NOUNnmodX	: 1)	51
: 1)	XnsubjVERB	作	51
作	VERBadvclVERB	强调	51
为	VERBmarkVERB	作	51
博士	NOUNnmodNOUN	教育	51
教育	NOUNnmodNOUN	阶段	51
的	PARTcase:decNOUN	教育	51
前期	NOUNnmodNOUN	阶段	51
阶段	NOUNobjVERB	作	51
51	ABOUT	阶段	51
，	PUNCTpunctVERB	强调	51
强调	VERB_PREDICATE_OF	51	51
理论	NOUNcompoundPART	性	51
性	PARTnmodNOUN	;	51
训练	NOUNnmodNOUN	;	51
;	NOUNnsubjVERB	作	51
51	ABOUT	;	51
2)	NUMnsubjVERB	作	51
作	VERBadvclVERB	注重	51
为	VERBmarkVERB	作	51
应用	VERBcompoundPART	性	51
性	PARTnmodNOUN	阶段	51
的	PARTcase:decPART	性	51
独立	NOUNnmodNOUN	阶段	51
阶段	NOUNobjVERB	作	51
51	ABOUT	阶段	51
，	PUNCTpunctVERB	注重	51
注重	VERBccompVERB	强调	51
实践	VERBcompoundPART	性	51
性	PARTnmodNOUN	训练	51
训练	NOUNobjVERB	注重	51
51	ABOUT	训练	51
。	PUNCTpunctVERB	强调	51
由于	ADPcaseNOUN	驱动	52
就业	NOUNnmodNOUN	驱动	52
的	PARTcase:decNOUN	就业	52
驱动	NOUNoblVERB	选 择	52
52	ABOUT	驱动	52
，	PUNCTpunctVERB	选 择	52
我	PRONdetPART	生	52
的	PARTcase:decPRON	我	52
硕士	NOUNnmodPART	生	52
研究	VERBcompoundPART	生	52
生	PARTnsubjVERB	选 择	52
大多	ADVadvmodVERB	选 择	52
选 择	VERB_PREDICATE_OF	52	52
这	DETdetNOUN	个	52
个	NOUNclfNOUN	方向	52
方向	NOUNobjVERB	选 择	52
52	ABOUT	方向	52
，	PUNCTpunctVERB	选 择	52
但	ADVmarkVERB	都是	52
他	PRONnsubjVERB	都是	52
几乎	ADVadvmodVERB	都是	52
都是	VERBparataxisVERB	选 择	52
从	ADPcaseNOUN	本科	52
本科	NOUNnsubjVERB	生直	52
52	ABOUT	本科	52
生直	VERBadvclVERB	升来	52
升来	VERBadvclVERB	没有	52
的	PARTdiscourseVERB	都是	52
，	PUNCTpunctVERB	没有	52
没有	VERBxcompVERB	都是	52
工作	VERBxcompVERB	没有	52
的	PARTmark:relclVERB	没有	52
经验	NOUNobjVERB	没有	52
52	ABOUT	经验	52
，	PUNCTpunctVERB	缺少	52
因而	ADVmarkVERB	缺少	52
这	DETdetNOUN	种	52
种	NOUNclfNOUN	训练	52
实践	VERBcompoundPART	性	52
性	PARTnmodNOUN	训练	52
训练	NOUNnsubjVERB	缺少	52
52	ABOUT	训练	52
就	ADVmarkVERB	缺少	52
缺少	VERBparataxisVERB	选 择	52
一	NUMnummodNOUN	种	52
种	NOUNclfNOUN	直觉	52
直觉	NOUNobjVERB	缺少	52
52	ABOUT	直觉	52
与	CCONJccNOUN	灵感	52
灵感	NOUNconjNOUN	直觉	52
。	PUNCTpunctVERB	选 择	52
结论	NOUNnsubjVERB	:	53
53	ABOUT	结论	53
:	VERB_PREDICATE_OF	53	53
强化	VERBxcompVERB	:	53
图书	NOUNcompoundPART	馆	53
馆	PARTnmodNOUN	教育势	53
情报	NOUNcompoundPART	学	53
学	PARTnmodNOUN	教育势	53
专业	NOUNnmodNOUN	教育势	53
硕士	NOUNnmodNOUN	教育势	53
教育势	NOUNnsubjVERB	在	53
53	ABOUT	教育势	53
在	VERBccompVERB	:	53
必行	PROPNobjVERB	在	53
。	PUNCTpunctVERB	:	53
5	NUMnummodNOUN	发展	54
发展	NOUNnmodNOUN	趋势	54
趋势	NOUNnsubjVERB	有	54
54	ABOUT	趋势	54
目前	NOUNnmod:tmodVERB	有	54
我	PRONcompoundPART	国	54
国	PARTnsubjVERB	有	54
有	VERBacl:relclNOUN	数量	54
统计	VERBxcompVERB	有	54
的	PARTmark:relclVERB	统计	54
图书	NOUNcompoundPART	馆	54
馆	PARTnmodNOUN	数量	54
数量	NOUNnsubjVERB	有	54
54	ABOUT	数量	54
共	ADVadvmodVERB	有	54
有	VERB_PREDICATE_OF	54	54
15,437	NUMnummodNOUN	家	54
家	NOUNobjVERB	有	54
54	ABOUT	家	54
，	PUNCTpunctVERB	有	54
其中	NOUNnsubjVERB	包括	54
54	ABOUT	其中	54
包括	VERBparataxisVERB	有	54
县	NOUNnmodPART	馆	54
以上	ADPaclNOUN	县	54
公共	ADJamodPART	馆	54
图书	NOUNcompoundPART	馆	54
馆	PARTobjVERB	包括	54
2,697	NUMnummodNOUN	家	54
家	NOUNaclPART	馆	54
、	PUNCTpunctPART	馆	54
高等	ADJamodPART	馆	54
院校	NOUNnmodPART	馆	54
图书	NOUNcompoundPART	馆	54
馆	PARTconjPART	馆	54
1,700	NUMnummodNOUN	家	54
家	NOUNaclPART	馆	54
、	PUNCTpunctPART	馆	54
科研	NOUNcompoundPART	院	54
院	PARTcompoundPART	所	54
所	PARTnmodPART	馆	54
图书	NOUNcompoundPART	馆	54
馆	PARTconjPART	馆	54
4,100	NUMnummodNOUN	家	54
家	NOUNaclPART	馆	54
、	PUNCTpunctPART	馆	54
党校	NOUNnmodPART	馆	54
系统	NOUNnmodPART	馆	54
图书	NOUNcompoundPART	馆	54
馆	PARTconjPART	馆	54
1,600	NUMnummodNOUN	家	54
家	NOUNaclPART	馆	54
、	PUNCTpunctPART	馆	54
医院	NOUNnmodPART	馆	54
系统	NOUNnmodPART	馆	54
图书	NOUNcompoundPART	馆	54
馆	PARTconjPART	馆	54
1,200	NUMnummodNOUN	家	54
家	NOUNaclPART	馆	54
、	PUNCTpunctPART	馆	54
中等	NOUNnmodPART	馆	54
专科	NOUNnmodPART	馆	54
学校	NOUNnmodPART	馆	54
图书	NOUNcompoundPART	馆	54
馆	PARTconjPART	馆	54
3,800	NUMnummodNOUN	家	54
家	NOUNaclPART	馆	54
，	PUNCTpunctPART	馆	54
其他	DETdetPART	馆	54
类型	NOUNnmodPART	馆	54
图书	NOUNcompoundPART	馆	54
馆	PARTconjPART	馆	54
340	NUMnummodNOUN	家	54
家	NOUNaclPART	馆	54
。	PUNCTpunctVERB	有	54
1	NUMnsubjVERB	促进	55
为	AUXcopPART	生	55
图书	NOUNcompoundPART	馆	55
馆	PARTnmodPART	生	55
学情	NOUNnmodPART	生	55
报学	NOUNnmodPART	生	55
毕业	VERBcompoundPART	生	55
生	PARTnsubjVERB	提供	55
提供	VERBadvclVERB	促进	55
了	PARTcase:aspectVERB	提供	55
广阔	ADJamodNOUN	市场	55
的	PARTmark:relclADJ	广阔	55
就业	NOUNnmodNOUN	市场	55
市场	NOUNobjVERB	提供	55
55	ABOUT	市场	55
，	PUNCTpunctVERB	促进	55
进而	ADVadvmodVERB	促进	55
促进	VERB_PREDICATE_OF	55	55
未来	NOUNnmodNOUN	教育	55
中国	PROPNnmodNOUN	教育	55
图书	NOUNnmodNOUN	教育	55
情报	NOUNcompoundPART	学	55
学	PARTnmodNOUN	教育	55
教育	NOUNnsubjADJ	更大	55
55	ABOUT	教育	55
更大	ADJacl:relclNOUN	发展	55
的	PARTmark:relclADJ	更大	55
发展	NOUNobjVERB	促进	55
55	ABOUT	发展	55
。	PUNCTpunctVERB	促进	55
就	ADPcaseNOUN	看法	56
我	PRONdetNOUN	看法	56
个人	PRONdetNOUN	看法	56
的	PARTcase:decPRON	个人	56
看法	NOUNoblVERB	言	56
56	ABOUT	看法	56
而	ADVmarkVERB	言	56
言	VERB_PREDICATE_OF	56	56
，	PUNCTpunctVERB	是	56
今后	NOUNnmod:tmodVERB	是	56
中国	PROPNnmodNOUN	教育	56
图书	NOUNcompoundPART	馆	56
馆	PARTnmodNOUN	教育	56
学情	NOUNnmodNOUN	教育	56
报学	NOUNnmodNOUN	教育	56
教育	NOUNnmodNOUN	趋势	56
的	PARTcase:decNOUN	教育	56
发展	NOUNnmodNOUN	趋势	56
趋势	NOUNnsubjVERB	是	56
56	ABOUT	趋势	56
是	VERBparataxisVERB	言	56
: 1)	XnmodNOUN	教育	56
图书	NOUNcompoundPART	馆	56
馆	PARTnmodNOUN	教育	56
学情	NOUNnmodNOUN	教育	56
报学	NOUNnmodNOUN	教育	56
教育	NOUNnsubjVERB	强化	56
56	ABOUT	教育	56
在	ADPcaseNOUN	实践	56
今后	NOUNnmodNOUN	实践	56
的	PARTcase:decNOUN	今后	56
实践	NOUNoblVERB	强化	56
56	ABOUT	实践	56
中	ADPaclNOUN	实践	56
应	AUXauxVERB	强化	56
该	DETdetVERB	强化	56
强化	VERBccompVERB	是	56
研究	VERBcompoundPART	生	56
生	PARTnmodNOUN	教育	56
教育	NOUNobjVERB	强化	56
56	ABOUT	教育	56
以及	CCONJccNOUN	教育	56
中等	NOUNnmodNOUN	教育	56
专业	NOUNnmodNOUN	教育	56
教育	NOUNconjNOUN	教育	56
与	CCONJccNOUN	培训	56
培训	NOUNconjNOUN	教育	56
。	PUNCTpunctVERB	是	56
在	ADPcaseVERB	分	57
研究	VERBcompoundPART	生	57
生	PARToblVERB	分	57
教育	VERBcompoundPART	层	57
层	PARTnmodNOUN	次	57
次	NOUNadvmodVERB	分	57
分	VERBccompVERB	设立	57
为	VERBmarkVERB	分	57
应用	VERBcompoundPART	型	57
型	PARTobjVERB	分	57
和	CCONJccNOUN	种	57
研究	VERBcompoundPART	型	57
型	PARTconjPART	型	57
两	NUMnummodNOUN	种	57
种	NOUNapposPART	型	57
，	PUNCTpunctVERB	设立	57
在	ADPcaseNOUN	方面	57
应用	VERBcompoundPART	型	57
型	PARTnmodNOUN	方面	57
方面	NOUNoblVERB	设立	57
57	ABOUT	方面	57
设立	VERB_PREDICATE_OF	57	57
专业	ADJamodNOUN	硕士	57
硕士	NOUNobjVERB	设立	57
57	ABOUT	硕士	57
。	PUNCTpunctVERB	设立	57
在	ADPcaseNOUN	情况	58
目前	NOUNnmod:tmodVERB	受到	58
图书	NOUNnmodNOUN	教育	58
情报	NOUNnmodNOUN	教育	58
学本	NOUNcompoundPART	科	58
科	PARTnmodNOUN	教育	58
教育	NOUNnsubjVERB	受到	58
58	ABOUT	教育	58
还	ADVmarkVERB	受到	58
受到	VERBacl:relclNOUN	情况	58
普遍	ADVadvmodNOUN	重视	58
重视	NOUNobjVERB	受到	58
58	ABOUT	重视	58
的	PARTmark:relclVERB	受到	58
情况	NOUNoblVERB	是	58
58	ABOUT	情况	58
下	ADPaclNOUN	情况	58
，	PUNCTpunctVERB	是	58
我	PRONdetNOUN	个	58
个	NOUNclfNOUN	人	58
人	NOUNnmodNOUN	理解	58
的	PARTcase:decNOUN	人	58
理解	NOUNnsubjVERB	是	58
58	ABOUT	理解	58
是	VERB_PREDICATE_OF	58	58
，	PUNCTpunctVERB	是	58
大学	NOUNnmodNOUN	年	58
生前	NOUNnmodNOUN	年	58
两	NUMnummodNOUN	年	58
年	NOUNnsubjVERB	是	58
58	ABOUT	年	58
主要	ADVadvmodVERB	是	58
是	VERBxcompVERB	是	58
学习	NOUNnmodNOUN	学校	58
学校	NOUNnsubjVERB	开设	58
58	ABOUT	学校	58
开设	VERBacl:relclPART	课	58
的	PARTmark:relclVERB	开设	58
基础	NOUNcompoundPART	课	58
课	PARTobjVERB	是	58
，	PUNCTpunctVERB	是	58
它	PRONnsubjVERB	兼及	58
是	AUXcopNOUN	外语	58
外语	NOUNnsubjVERB	提供	58
58	ABOUT	外语	58
、	PUNCTpunctNOUN	数学	58
数学	NOUNconjNOUN	外语	58
、	PUNCTpunctNOUN	知识	58
计算	VERBcompoundPART	机	58
机	PARTnmodNOUN	知识	58
知识	NOUNconjNOUN	外语	58
及	CCONJccNOUN	课(	58
各类	DETdetNOUN	课(	58
通选	NOUNnmodNOUN	课(	58
课(	NOUNconjNOUN	外语	58
如北	NOUNnmodNOUN	校方	58
大	PARTcase:prefNOUN	校方	58
校方	NOUNapposNOUN	外语	58
提供	VERBacl:relclNOUN	课近	58
的	PARTmark:relclVERB	提供	58
通选	NOUNnmodNOUN	课近	58
课近	NOUNobjVERB	包括	58
58	ABOUT	课近	58
300	NUMnummodNOUN	门	58
门	NOUNapposNOUN	课近	58
，	PUNCTpunctVERB	包括	58
包括	VERBadvclVERB	有	58
人文	NOUNobjVERB	包括	58
58	ABOUT	人文	58
、	PUNCTpunctNOUN	科学	58
社会	NOUNnmodNOUN	科学	58
科学	NOUNconjNOUN	人文	58
、	PUNCTpunctNOUN	科学	58
自然	NOUNnmodNOUN	科学	58
科学	NOUNconjNOUN	人文	58
等	NOUNaclNOUN	人文	58
各	DETdetNOUN	门	58
大	PARTcase:prefNOUN	门	58
门	NOUNnmodNOUN	类,其中	58
类,其中	NOUNapposNOUN	人文	58
也	ADVmarkVERB	有	58
有	VERBccompVERB	是	58
体育	NOUNobjVERB	有	58
58	ABOUT	体育	58
、	PUNCTpunctNOUN	音乐	58
音乐	NOUNconjNOUN	体育	58
、	PUNCTpunctNOUN	艺术	58
艺术	NOUNconjNOUN	体育	58
等	NOUNaclNOUN	体育	58
课程	NOUNapposNOUN	体育	58
)	PUNCTpunctNOUN	体育	58
，	PUNCTpunctVERB	兼及	58
兼及	VERBccompVERB	有	58
专业	ADJamodPART	课	58
基础	NOUNcompoundPART	课	58
课	PARTobjVERB	兼及	58
。	PUNCTpunctVERB	是	58
我	PRONnsubjVERB	认为	59
认为	VERB_PREDICATE_OF	59	59
，	PUNCTpunctVERB	认为	59
图书	NOUNnmodNOUN	馆学	59
馆学	NOUNnmodPART	课	59
的	PARTcase:decNOUN	馆学	59
专业	ADJamodPART	课	59
基础	NOUNcompoundPART	课	59
课	PARTnsubjNOUN	外语	59
应当	AUXauxNOUN	外语	59
是	AUXcopNOUN	外语	59
专业	ADJamodNOUN	外语	59
外语	NOUNccompVERB	认为	59
、	PUNCTpunctNOUN	应用	59
计算	VERBcompoundPART	机	59
机	PARTnmodNOUN	应用	59
应用	NOUNconjNOUN	外语	59
与	CCONJccNOUN	知识	59
文献	NOUNcompoundPART	学	59
学	PARTnmodNOUN	知识	59
知识	NOUNconjNOUN	外语	59
。	PUNCTpunctVERB	认为	59
大学	NOUNnsubjVERB	是	60
60	ABOUT	大学	60
后	DETdetNOUN	年	60
两	NUMnummodNOUN	年	60
年	NOUNnmod:tmodVERB	是	60
主要	ADVadvmodVERB	是	60
是	VERB_PREDICATE_OF	60	60
选修	VERBxcompVERB	是	60
专业	ADJamodPART	课	60
主干	NOUNcompoundPART	课	60
课	PARTobjVERB	选修	60
、	PUNCTpunctPART	课	60
专业	ADJamodPART	课	60
选修	VERBcompoundPART	课	60
课	PARTconjPART	课	60
、	PUNCTpunctVERB	参加	60
参加	VERBconjVERB	选修	60
社会	NOUNnmodNOUN	实践	60
实践	NOUNobjVERB	参加	60
60	ABOUT	实践	60
与	CCONJccNOUN	论文	60
撰写	VERBcompoundPART	学	60
学	PARTcompoundPART	位	60
位	PARTnmodNOUN	论文	60
论文	NOUNconjPART	课	60
。	PUNCTpunctVERB	是	60
图书	NOUNnmodPART	课	61
馆学	NOUNnmodPART	课	61
专业	ADJamodPART	课	61
主干	NOUNcompoundPART	课	61
课	PARTnsubjVERB	是	61
目前	NOUNnmod:tmodVERB	是	61
是	VERB_PREDICATE_OF	61	61
因	ADPcaseNOUN	人	61
人	NOUNnmodADJ	异	61
而	ADVmarkADJ	异	61
异	ADJxcompVERB	是	61
、	PUNCTpunctVERB	因校	61
因校	VERBconjADJ	异	61
而	CCONJccADJ	异	61
异	ADJconjADJ	异	61
的	PARTdiscourseVERB	是	61
。	PUNCTpunctVERB	是	61
我	PRONnsubjVERB	以为	62
以为	VERB_PREDICATE_OF	62	62
应	AUXauxVERB	出发	62
从	ADPcaseNOUN	馆学	62
图书	NOUNnmodNOUN	馆学	62
馆学	NOUNnmodNOUN	基本	62
基本	NOUNnmodADP	与	62
的	PARTmark:relclNOUN	基本	62
与	ADPcaseNOUN	知 识	62
必备	NOUNnmodADP	与	62
的	PARTcase:decADP	与	62
知 识	NOUNoblVERB	出发	62
62	ABOUT	知 识	62
出发	VERBxcompVERB	以为	62
。	PUNCTpunctVERB	以为	62
少	ADJamodNOUN	设课	63
而	ADVmarkNOUN	设课	63
精地	NOUNnmodNOUN	设课	63
设课	NOUN_PREDICATE_OF	63	63
，	PUNCTpunctNOUN	设课	63
它	PRONnsubjVERB	是	63
主要	ADVadvmodVERB	是	63
是	VERBparataxisNOUN	设课	63
分类	VERBxcompVERB	是	63
主题	NOUNobjVERB	分类	63
63	ABOUT	主题	63
、	PUNCTpunctNOUN	编目	63
编目	NOUNconjNOUN	主题	63
与	CCONJccNOUN	检索	63
文献	NOUNnmodNOUN	检索	63
检索	NOUNconjNOUN	主题	63
。	PUNCTpunctNOUN	设课	63
这些	DETnsubjVERB	课听	64
课听	VERBcsubjADJ	很旧	64
起来	VERBmarkVERB	课听	64
好像	ADVadvmodADJ	很旧	64
是	AUXcopADJ	很旧	64
很旧	ADJadvclVERB	认为	64
的	PARTdiscourseADJ	很旧	64
，	PUNCTpunctVERB	认为	64
但	ADVmarkVERB	认为	64
我	PRONnsubjVERB	认为	64
仍然	ADVadvmodVERB	认为	64
认为	VERB_PREDICATE_OF	64	64
它	PRONnsubjNOUN	东西	64
是	AUXcopNOUN	东西	64
图书	NOUNnmodNOUN	馆学	64
馆学	NOUNnsubjADJ	基本	64
64	ABOUT	馆学	64
最	ADVadvmodADJ	基本	64
基本	ADJacl:relclNOUN	东西	64
的	PARTmark:relclADJ	基本	64
东西	NOUNccompVERB	认为	64
。	PUNCTpunctVERB	认为	64
图书	NOUNcompoundPART	馆	65
馆	PARTnmodPART	髦	65
学界	NOUNnmodPART	髦	65
赶时	NOUNcompoundPART	髦	65
髦	PARTnsubjADJ	甚兴	65
、	PUNCTpunctVERB	玩	65
玩	VERBcsubjADJ	甚兴	65
概念	NOUNobjVERB	玩	65
65	ABOUT	概念	65
之风	ADPaclPART	髦	65
甚兴	ADJadvclVERB	带来	65
，	PUNCTpunctVERB	带来	65
这	PRONnsubjVERB	带来	65
给	VERBadvclVERB	带来	65
教育	NOUNcompoundPART	界	65
界	PARTobjVERB	给	65
带来	VERB_PREDICATE_OF	65	65
了	PARTcase:aspectVERB	带来	65
不少	ADJamodNOUN	影响	65
负面	ADJamodNOUN	影响	65
影响	NOUNobjVERB	带来	65
65	ABOUT	影响	65
，	PUNCTpunctVERB	带来	65
图书	NOUNnmodNOUN	教育	65
馆学	NOUNnmodNOUN	教育	65
教育	NOUNnsubjVERB	需要	65
65	ABOUT	教育	65
是	AUXcopVERB	需要	65
需要	VERBparataxisVERB	带来	65
重	PARTcase:prefNOUN	基础	65
基础	NOUNobjVERB	需要	65
65	ABOUT	基础	65
、	PUNCTpunctNOUN	根基	65
重	PARTcase:prefNOUN	根基	65
根基	NOUNconjNOUN	基础	65
，	PUNCTpunctADJ	稳定	65
文化	NOUNnsubjADJ	并重	65
65	ABOUT	文化	65
与	ADPcaseNOUN	技术	65
技术	NOUNnmodADJ	并重	65
并重	ADJadvclADJ	稳定	65
，	PUNCTpunctADJ	稳定	65
相对	ADVadvmodADJ	稳定	65
稳定	ADJparataxisVERB	带来	65
与	CCONJccVERB	发展	65
适度	ADJadvmodVERB	发展	65
发展	VERBconjADJ	稳定	65
。	PUNCTpunctVERB	带来	65
专业	NOUNnmodPART	课	66
基础	NOUNcompoundPART	课	66
课	PARTnsubjVERB	成	66
与	ADPcaseNOUN	课构	66
专业	NOUNnmodNOUN	课构	66
主干	NOUNnmodNOUN	课构	66
课构	NOUNoblVERB	成	66
66	ABOUT	课构	66
成	VERB_PREDICATE_OF	66	66
了	PARTcase:aspectVERB	成	66
专业	ADJamodPART	课	66
的	PARTcase:decADJ	专业	66
必修	VERBcompoundPART	课	66
课	PARTobjVERB	成	66
，	PUNCTpunctVERB	成	66
其	PRONnmodNOUN	数量	66
数量	NOUNnsubjVERB	有	66
66	ABOUT	数量	66
应	AUXauxVERB	当少	66
当少	VERBadvclVERB	有	66
，	PUNCTpunctVERB	有	66
为	ADPcasePART	课	66
学生	NOUNnmodPART	课	66
选修	VERBcompoundPART	课	66
课	PARToblVERB	有	66
或	CCONJccNOUN	习留	66
基础	NOUNcompoundPART	学	66
学	PARTnmodNOUN	习留	66
习留	NOUNconjPART	课	66
有	VERBparataxisVERB	成	66
较大	ADJamodNOUN	空间	66
空间	NOUNobjVERB	有	66
66	ABOUT	空间	66
。	PUNCTpunctVERB	成	66
一	NUMnummodNOUN	个	67
个	NOUNclfNOUN	专业	67
好	ADJamodNOUN	专业	67
的	PARTmark:relclADJ	好	67
专业	NOUNnsubjVERB	提供	67
67	ABOUT	专业	67
，	PUNCTpunctVERB	提供	67
应当	AUXauxVERB	提供	67
为	ADPcaseNOUN	学生	67
学生	NOUNoblVERB	提供	67
67	ABOUT	学生	67
提供	VERB_PREDICATE_OF	67	67
较多	ADJamodPART	课	67
的	PARTmark:relclADJ	较多	67
专业	ADJamodPART	课	67
选修	VERBcompoundPART	课	67
课	PARTobjVERB	提供	67
。	PUNCTpunctVERB	提供	67
图书	NOUNnmodPART	课	68
馆学	NOUNnmodPART	课	68
专业	ADJamodPART	课	68
选修	VERBcompoundPART	课	68
课	PARTnsubjVERB	以为	68
，	PUNCTpunctVERB	以为	68
我	PRONnsubjVERB	以为	68
以为	VERB_PREDICATE_OF	68	68
可以	AUXauxVERB	包括	68
包括	VERBxcompVERB	以为	68
两	NUMnummodNOUN	个	68
个	NOUNclfNOUN	方面	68
方面	NOUNobjVERB	包括	68
68	ABOUT	方面	68
，	PUNCTpunctVERB	以为	68
一	NUMnummodNOUN	个	68
个	NOUNclfNOUN	方面	68
方面	NOUNnsubjNOUN	知识	68
68	ABOUT	方面	68
是	AUXcopNOUN	知识	68
专业	ADJamodNOUN	知识	68
相关	ADJamodNOUN	知识	68
知识	NOUNparataxisVERB	以为	68
，	PUNCTpunctVERB	如目	68
如目	VERBparataxisVERB	以为	68
录学	NOUNobjVERB	如目	68
68	ABOUT	录学	68
与	CCONJccNOUN	学史	68
目 录	NOUNnmodNOUN	学史	68
学史	NOUNconjNOUN	录学	68
、	PUNCTpunctPART	史	68
中外	NOUNnmodPART	史	68
图书	NOUNcompoundPART	史	68
史	PARTconjNOUN	录学	68
、	PUNCTpunctNOUN	书史	68
中外	NOUNnmodNOUN	书史	68
藏	NOUNnmodNOUN	书史	68
书史	NOUNconjNOUN	录学	68
、	PUNCTpunctNOUN	产权	68
知识	NOUNnmodNOUN	产权	68
产权	NOUNconjNOUN	录学	68
、	PUNCTpunctPART	学	68
阅读	NOUNnmodPART	学	68
文化	NOUNcompoundPART	学	68
学	PARTconjNOUN	录学	68
等	NOUNaclNOUN	录学	68
，	PUNCTpunctVERB	以为	68
另	DETdetNOUN	方面	68
一	NUMnummodNOUN	方面	68
方面	NOUNnsubjPART	课	68
68	ABOUT	方面	68
是	AUXcopPART	课	68
专业	ADJamodPART	课	68
方向	NOUNcompoundPART	课	68
课	PARTparataxisVERB	以为	68
，	PUNCTpunctVERB	以为	68
这些	DETdetNOUN	课 程	68
课 程	NOUNnsubjVERB	供本	68
68	ABOUT	课 程	68
可	AUXauxVERB	供本	68
供本	VERBparataxisVERB	以为	68
科生	NOUNnmodNOUN	选修	68
高	PARTcase:prefNOUN	年	68
年	NOUNcompoundPART	级	68
级	PARTnmodNOUN	选修	68
选修	NOUNobjVERB	供本	68
68	ABOUT	选修	68
，	PUNCTpunctVERB	以为	68
而	ADVmarkVERB	是	68
主要	ADJamodVERB	是	68
的	PARTmark:relclADJ	主要	68
是	VERBparataxisVERB	以为	68
为	ADPcasePART	生	68
硕士	NOUNnmodPART	生	68
研究	VERBcompoundPART	生	68
生	PARToblVERB	开设	68
开设	VERBxcompVERB	是	68
。	PUNCTpunctVERB	以为	68
方向	NOUNcompoundPART	课	69
课	PARTnsubjVERB	包括	69
可以	AUXauxVERB	包括	69
板块	NOUNnmodNOUN	设置	69
设置	NOUNnsubjVERB	包括	69
69	ABOUT	设置	69
，	PUNCTpunctVERB	包括	69
主要	ADVadvmodVERB	包括	69
包括	VERB_PREDICATE_OF	69	69
:藏	NOUNcompoundPART	书	69
书	PARTnmodNOUN	建设	69
建设	NOUNobjVERB	包括	69
69	ABOUT	建设	69
与	CCONJccNOUN	资源	69
电子	NOUNnmodNOUN	资源	69
资源	NOUNconjNOUN	建设	69
、	PUNCTpunctNOUN	服务	69
信息	NOUNnmodNOUN	服务	69
服务	NOUNconjNOUN	建设	69
、	PUNCTpunctPART	学	69
期刊	NOUNcompoundPART	学	69
学	PARTconjNOUN	建设	69
、	PUNCTpunctNOUN	古籍	69
古籍	NOUNnmodNOUN	文献	69
与	CCONJccNOUN	文献	69
地方	NOUNnmodNOUN	文献	69
文献	NOUNconjNOUN	建设	69
、	PUNCTpunctNOUN	文化	69
图书	NOUNnmodNOUN	文化	69
文化	NOUNconjNOUN	建设	69
、	PUNCTpunctNOUN	管理	69
图书	NOUNcompoundPART	馆	69
馆	PARTnmodNOUN	管理	69
管理	NOUNconjNOUN	建设	69
、	PUNCTpunctNOUN	服务	69
图书	NOUNcompoundPART	馆	69
馆	PARTnmodNOUN	服务	69
特色	NOUNnmodNOUN	服务	69
服务	NOUNconjNOUN	建设	69
等	NOUNaclNOUN	建设	69
。	PUNCTpunctVERB	包括	69
1	NUMnummodNOUN	图	70
图	NOUNcompoundPART	书	70
书	PARTcompoundPART	馆	70
馆	PARTnmodPART	报	70
信息	NOUNcompoundPART	化	70
化	PARTnmodPART	报	70
建设	NOUNnmodPART	报	70
综合	ADJnmodPART	报	70
研究	VERBcompoundPART	报	70
报	PARTnsubjVERB	告(	70
告(	VERB_PREDICATE_OF	70	70
2004	NUMobjVERB	告(	70
)	PUNCTpunctX	http:/	70
http:/	XobjVERB	告(	70
/	PUNCTpunctX	www.ccmnet.com	70
www.ccmnet.com	XconjX	http:/	70
/%	Xflat:foreignX	www.ccmnet.com	70
5CB7%5C200412%5CB70701200412231406280000.as	Xflat:foreignX	www.ccmnet.com	70
p	Xflat:foreignX	www.ccmnet.com	70
9	NUMpunctVERB	告(	70
2)	NUMnsubjVERB	强调	71
强调	VERB_PREDICATE_OF	71	71
学科	NOUNnsubjVERB	融合	71
71	ABOUT	学科	71
融合	VERBccompVERB	强调	71
。	PUNCTpunctVERB	强调	71
目前	NOUNnmod:tmodVERB	有	72
中国	PROPNnmodNOUN	教育	72
图书	NOUNnmodNOUN	教育	72
情报	NOUNcompoundPART	学	72
学	PARTnmodNOUN	教育	72
教育	NOUNnsubjVERB	有	72
72	ABOUT	教育	72
主要	ADVadvmodVERB	有	72
有	VERB_PREDICATE_OF	72	72
三	NUMnummodNOUN	个	72
个	NOUNclfNOUN	分支	72
分支	NOUNobjVERB	有	72
72	ABOUT	分支	72
:	PUNCTpunctNOUN	馆学	72
图书	NOUNnmodNOUN	馆学	72
馆学	NOUNapposNOUN	分支	72
、	PUNCTpunctPART	学	72
情报	NOUNcompoundPART	学	72
学	PARTconjNOUN	馆学	72
与	CCONJccPART	学	72
档案	NOUNcompoundPART	学	72
学	PARTconjNOUN	分支	72
，	PUNCTpunctVERB	有	72
但	ADVmarkVERB	有	72
这	DETdetNOUN	个	72
三	NUMnummodNOUN	个	72
个	NOUNnmodNOUN	方向	72
方向	NOUNnmodNOUN	课程	72
的	PARTcase:decNOUN	方向	72
课程	NOUNnmodNOUN	内容	72
与	CCONJccNOUN	研究	72
研究	NOUNconjNOUN	课程	72
内容	NOUNnsubjVERB	有	72
72	ABOUT	内容	72
有	VERBparataxisVERB	有	72
很多	NUMnummodNOUN	交叉	72
交叉	NOUNobjVERB	有	72
72	ABOUT	交叉	72
。	PUNCTpunctVERB	有	72
中国	PROPNnmodNOUN	学者	73
很多	NUMnummodNOUN	学者	73
学者	NOUNnsubjVERB	认为	73
73	ABOUT	学者	73
都	ADVmarkVERB	认为	73
认为	VERB_PREDICATE_OF	73	73
这	DETdetNOUN	个	73
三	NUMnummodNOUN	个	73
个	NOUNnmodNOUN	学科	73
学科	NOUNnsubjVERB	类下	73
73	ABOUT	学科	73
应置	VERBadvclVERB	类下	73
于	VERBmarkVERB	应置	73
“	PUNCTpunctNOUN	管理	73
信息	NOUNnmodNOUN	管理	73
资源	NOUNnmodNOUN	管理	73
管理	NOUNobjVERB	应置	73
73	ABOUT	管理	73
”	PUNCTpunctNOUN	管理	73
这	DETdetNOUN	个	73
个	NOUNnmodPART	门	73
学科	NOUNcompoundPART	门	73
门	PARTapposNOUN	管理	73
类下	VERBccompVERB	认为	73
。	PUNCTpunctVERB	认为	73
3)提	XnmodNOUN	学科	74
升本	NOUNnmodNOUN	学科	74
学科	NOUNnmodNOUN	影响	74
的	PARTcase:decNOUN	学科	74
社会	NOUNnmodNOUN	影响	74
影响	NOUN_PREDICATE_OF	74	74
与	CCONJccNOUN	地位	74
学术	NOUNnmodNOUN	地位	74
地位	NOUNconjNOUN	影响	74
。	PUNCTpunctNOUN	影响	74
目前	NOUNnmod:tmodVERB	在	75
在	VERBacl:relclPART	科	75
中国	PROPNobjVERB	在	75
的	PARTmark:relclVERB	在	75
大学	NOUNnmodPART	科	75
里面	NOUNnmodPART	科	75
图书	NOUNcompoundPART	馆	75
馆	PARTcompoundPART	学	75
学	PARTnmodPART	科	75
情报	NOUNcompoundPART	学	75
学	PARTcompoundPART	科	75
科	PARTnsubjVERB	没有	75
普遍	ADVadvmodVERB	没有	75
没有	VERB_PREDICATE_OF	75	75
受到	VERBxcompVERB	没有	75
足够	ADJamodNOUN	重视	75
的	PARTmark:relclADJ	足够	75
重视	NOUNobjVERB	受到	75
75	ABOUT	重视	75
，	PUNCTpunctVERB	没有	75
这	PRONnsubjVERB	有	75
与	ADPcaseNOUN	地位	75
本学	NOUNcompoundPART	科	75
科	PARTnmodNOUN	地位	75
的	PARTcase:decPART	科	75
学术	NOUNnmodNOUN	地位	75
地位	NOUNoblVERB	有	75
75	ABOUT	地位	75
有	VERBparataxisVERB	没有	75
一定	ADJamodNOUN	关系	75
的	PARTmark:relclADJ	一定	75
关系	NOUNobjVERB	有	75
75	ABOUT	关系	75
。	PUNCTpunctVERB	没有	75
我	PRONdetNOUN	个	76
个	NOUNclfNOUN	人	76
人	NOUNnsubjVERB	以为	76
76	ABOUT	人	76
以为	VERB_PREDICATE_OF	76	76
图书	NOUNnmodPART	学	76
情报	NOUNcompoundPART	学	76
学	PARTnsubjVERB	关	76
在	ADPcaseNOUN	方面	76
今后	NOUNnmodNOUN	方面	76
一	NUMnummodNOUN	方面	76
方面	NOUNoblVERB	关	76
76	ABOUT	方面	76
需	AUXauxVERB	关	76
要	AUXauxVERB	关	76
关	VERBccompVERB	以为	76
注新	NOUNnmodNOUN	技术	76
技术	NOUNnmodNOUN	应用	76
的	PARTcase:decNOUN	技术	76
应用	NOUNobjVERB	关	76
76	ABOUT	应用	76
，	PUNCTpunctVERB	以为	76
另	DETdetNOUN	方面	76
一	NUMnummodNOUN	方面	76
方面	NOUNnsubjVERB	关注	76
76	ABOUT	方面	76
更	ADVadvmodVERB	关注	76
需要	AUXauxVERB	关注	76
关注	VERBparataxisVERB	以为	76
图书	NOUNnmodNOUN	机构	76
情报	NOUNnmodNOUN	机构	76
机构	NOUNnmodNOUN	影响	76
对	ADPdetNOUN	影响	76
民众	NOUNnmodNOUN	阅读	76
阅读	NOUNnmodADP	对	76
的	PARTcase:decADP	对	76
影响	NOUNobjVERB	关注	76
76	ABOUT	影响	76
，	PUNCTpunctNOUN	教育	76
使图	NOUNcompoundPART	书	76
书	PARTnmodNOUN	教育	76
情报	NOUNnmodNOUN	教育	76
教育	NOUNconjNOUN	影响	76
更	ADVadvmodVERB	具有	76
具有	VERBccompVERB	关注	76
公共	ADJamodNOUN	意识	76
意识	NOUNobjVERB	具有	76
76	ABOUT	意识	76
。	PUNCTpunctVERB	以为	76
作者	NOUNnsubjVERB	获历	77
77	ABOUT	作者	77
介绍	VERBadvclVERB	获历	77
: 王余	PROPNobjVERB	介绍	77
光(	PROPNnmodNOUN	月-)	77
1959	NUMnummodNOUN	年	77
年	NOUNclfNOUN	月-)	77
6	NUMnummodNOUN	月-)	77
月-)	NOUNobjVERB	介绍	77
77	ABOUT	月-)	77
，	PUNCTpunctVERB	获历	77
1983	NUMnummodNOUN	年	77
年	NOUNnmod:tmodVERB	毕业	77
毕业	VERBadvclVERB	获历	77
于	ADPcaseNOUN	系)	77
北京	PROPNnmodNOUN	系)	77
大学	NOUNnmodNOUN	系)	77
图书	NOUNcompoundPART	馆	77
馆	PARTnmodNOUN	系)	77
学系	NOUNnmodNOUN	系)	77
(现	PROPNnmodNOUN	系)	77
信息	NOUNnmodNOUN	系)	77
管理	NOUNnmodNOUN	系)	77
系)	NOUNoblVERB	毕业	77
77	ABOUT	系)	77
，	PUNCTpunctVERB	获历	77
1993	NUMnummodNOUN	年	77
年	NOUNnmod:tmodVERB	获历	77
获历	VERB_PREDICATE_OF	77	77
史学	NOUNnmodNOUN	学位	77
博士	NOUNnmodNOUN	学位	77
学位	NOUNobjVERB	获历	77
77	ABOUT	学位	77
。	PUNCTpunctVERB	获历	77
1983	NUMnummodNOUN	年	78
年	NOUNnmod:tmodVERB	兼任	78
至	CCONJccNOUN	年	78
1999	NUMnummodNOUN	年	78
年	NOUNconjNOUN	年	78
期间	NOUNnmod:tmodVERB	兼任	78
在	VERBadvclVERB	任教	78
武汉	PROPNnmodNOUN	学院	78
大学	NOUNnmodNOUN	学院	78
图书	NOUNnmodNOUN	学院	78
情报	NOUNnmodNOUN	学院	78
学院	NOUNobjVERB	在	78
78	ABOUT	学院	78
任教	VERBadvclVERB	兼任	78
，	PUNCTpunctVERB	兼任	78
1993	NUMnummodNOUN	年	78
年	NOUNnmod:tmodVERB	任	78
任	VERBadvclVERB	兼任	78
教授	NOUNobjVERB	任	78
78	ABOUT	教授	78
，	PUNCTpunctVERB	兼任	78
1995	NUMnummodNOUN	年	78
年	NOUNnmod:tmodVERB	兼任	78
兼任	VERB_PREDICATE_OF	78	78
副	PARTcase:prefNOUN	院长	78
院长	NOUNobjVERB	兼任	78
78	ABOUT	院长	78
。	PUNCTpunctVERB	兼任	78
1999	NUMnummodNOUN	年	79
年	NOUNnmod:tmodVERB	另任	79
至	CCONJccNOUN	信息	79
今任	NOUNnmodNOUN	信息	79
北京	PROPNnmodNOUN	信息	79
大学	NOUNnmodNOUN	信息	79
信息	NOUNnsubjVERB	另任	79
79	ABOUT	信息	79
管理	VERBadvclVERB	兼系	79
系(	NOUNcompoundPART	校	79
校	PARTnmodNOUN	直属	79
直属	NOUNobjVERB	管理	79
79	ABOUT	直属	79
)	PUNCTpunctNOUN	直属	79
教授	NOUNapposNOUN	直属	79
兼系	VERBadvclVERB	另任	79
主任	NOUNobjVERB	兼系	79
79	ABOUT	主任	79
，	PUNCTpunctVERB	另任	79
另任	VERB_PREDICATE_OF	79	79
中国	PROPNnmodPART	部	79
教育	NOUNcompoundPART	部	79
部	PARTnmodNOUN	委员	79
高	PARTcase:prefNOUN	等	79
等	NOUNaclPART	部	79
学校	NOUNnmodNOUN	委员	79
图书	NOUNcompoundPART	馆	79
馆	PARTcompoundPART	学	79
学	PARTnmodNOUN	委员	79
学科	NOUNnmodNOUN	委员	79
教学	NOUNnmodNOUN	委员	79
指导	NOUNnmodNOUN	委员	79
委员	NOUNcompoundPART	会	79
会	PARTnmodNOUN	委员	79
副	PARTcase:prefNOUN	委员	79
主任	NOUNnmodNOUN	委员	79
委员	NOUNobjVERB	另任	79
79	ABOUT	委员	79
，	PUNCTpunctPART	长	79
中国	PROPNnmodPART	长	79
图书	NOUNnmodPART	长	79
馆学	NOUNcompoundPART	会	79
会	PARTnmodPART	长	79
副	PARTcase:prefNOUN	理事	79
理事	NOUNcompoundPART	长	79
长	PARTconjNOUN	委员	79
兼	CCONJccNOUN	主任	79
科普	PROPNnmodNOUN	主任	79
与	CCONJccNOUN	主任	79
阅读	NOUNconjPROPN	科普	79
指导	NOUNnmodNOUN	主任	79
委 员	NOUNcompoundPART	会	79
会	PARTnmodNOUN	主任	79
主任	NOUNconjNOUN	委员	79
等	NOUNaclNOUN	委员	79
。	PUNCTpunctVERB	另任	79
专业	NOUNnmodNOUN	领域	80
研究	NOUNnmodNOUN	领域	80
领域	NOUNnsubjPART	学	80
80	ABOUT	领域	80
为	AUXcopPART	学	80
文献	NOUNcompoundPART	学	80
学	PART_PREDICATE_OF	80	80
、	PUNCTpunctNOUN	文化	80
阅读	NOUNnmodNOUN	文化	80
文化	NOUNconjPART	学	80
与	CCONJccNOUN	研究	80
现代	NOUNnmodNOUN	研究	80
出	VERBamodNOUN	研究	80
版业	NOUNnmodNOUN	研究	80
研究	NOUNconjPART	学	80
。	PUNCTpunctPART	学	80
主要	ADJamodNOUN	著作	81
个人	ADJamodNOUN	著作	81
著作	NOUNnsubjVERB	有	81
81	ABOUT	著作	81
有	VERB_PREDICATE_OF	81	81
:	PARTcase:aspectVERB	有	81
《	PUNCTpunctPART	学	81
中国	PROPNnmodPART	学	81
历 史	NOUNnmodPART	学	81
文献	NOUNcompoundPART	学	81
学	PARTobjVERB	有	81
》	PUNCTpunctPART	史	81
、	PUNCTpunctPART	史	81
《	PUNCTpunctPART	史	81
中国	PROPNnmodPART	史	81
文献	NOUNcompoundPART	史	81
史	PARTconjPART	学	81
》	PUNCTpunctPART	史	81
第一	NUMnummodNOUN	卷	81
卷	NOUNapposPART	学	81
、	PUNCTpunctNOUN	文字	81
《	PUNCTpunctNOUN	文字	81
中国	PROPNnmodNOUN	文字	81
文字	NOUNconjNOUN	卷	81
与	CCONJccNOUN	典籍	81
典籍	NOUNconjNOUN	文字	81
》	PUNCTpunctNOUN	文字	81
、	PUNCTpunctNOUN	初探	81
《	PUNCTpunctNOUN	初探	81
中国	PROPNnmodPART	书	81
新图	NOUNcompoundPART	书	81
书	PARTnmodNOUN	初探	81
出	VERBamodNOUN	初探	81
版业	NOUNnmodNOUN	初探	81
初探	NOUNconjPART	学	81
》	PUNCTpunctNOUN	初探	81
、	PUNCTpunctNOUN	阅读	81
《	PUNCTpunctNOUN	阅读	81
名 著	PROPNnmodNOUN	阅读	81
的	PARTcase:decPROPN	名 著	81
阅读	NOUNconjPART	学	81
》	PUNCTpunctNOUN	阅读	81
，	PUNCTpunctNOUN	文集	81
个人	NOUNnmodNOUN	文集	81
文集	NOUNconjPART	学	81
《	PUNCTpunctVERB	读书	81
读书	VERBapposNOUN	文集	81
随记	NOUNobjVERB	读书	81
81	ABOUT	随记	81
》	PUNCTpunctVERB	读书	81
等	NOUNaclPART	学	81
。	PUNCTpunctVERB	有	81
10	NUM_PREDICATE_OF	82	82
